id,frame,x_position,y_position,speed,acceleration,length,preceding_vehicle_id,following_vehicle_id,lane_id,vehicle_class,distance_to_preceding,time_to_preceding
459.0,492.0,22.22,16.96,15.1,0.0,4.66,453.0,0.0,5.0,2.0,13.86,0.92
459.0,493.0,23.73,16.94,15.1,0.0,4.66,453.0,0.0,5.0,2.0,13.97,0.93
459.0,494.0,25.28,16.92,15.1,0.0,4.66,453.0,0.0,5.0,2.0,14.13,0.94
459.0,495.0,26.79,16.89,15.1,0.0,4.66,453.0,0.0,5.0,2.0,14.43,0.96
459.0,496.0,28.3,16.86,15.1,0.0,4.66,453.0,0.0,5.0,2.0,14.75,0.98
459.0,497.0,29.81,16.83,15.1,0.0,4.66,453.0,0.0,5.0,2.0,15.07,1.0
459.0,498.0,31.32,16.81,15.11,0.1,4.66,453.0,0.0,5.0,2.0,15.39,1.02
459.0,499.0,32.83,16.78,15.11,0.0,4.66,453.0,0.0,5.0,2.0,15.7,1.04
459.0,500.0,34.35,16.75,15.04,-1.19,4.66,453.0,0.0,5.0,2.0,16.01,1.07
459.0,501.0,35.87,16.73,14.79,-3.41,4.66,453.0,0.0,5.0,2.0,16.33,1.1
459.0,502.0,37.32,16.69,14.36,-3.41,4.66,453.0,0.0,5.0,2.0,16.71,1.16
459.0,503.0,38.72,16.64,13.74,-3.41,4.66,453.0,0.0,5.0,2.0,17.13,1.25
459.0,504.0,40.06,16.61,13.04,-3.41,4.66,453.0,0.0,5.0,2.0,17.62,1.35
459.0,505.0,41.33,16.58,12.37,-3.41,4.66,453.0,0.0,5.0,2.0,18.17,1.47
459.0,506.0,42.55,16.57,11.88,-3.41,4.66,453.0,0.0,5.0,2.0,18.78,1.58
459.0,507.0,43.7,16.58,11.69,-0.15,4.66,453.0,0.0,5.0,2.0,19.45,1.66
459.0,508.0,44.85,16.58,11.71,1.43,4.66,453.0,0.0,5.0,2.0,19.97,1.7
459.0,509.0,46.04,16.58,11.73,-0.45,4.66,453.0,0.0,5.0,2.0,20.29,1.73
459.0,510.0,47.23,16.56,11.58,-2.85,4.66,453.0,0.0,5.0,2.0,20.42,1.76
459.0,511.0,48.37,16.51,11.37,-2.32,4.66,453.0,0.0,5.0,2.0,20.42,1.8
459.0,512.0,49.48,16.43,11.31,0.98,4.66,453.0,0.0,5.0,2.0,20.29,1.79
459.0,513.0,50.6,16.35,11.58,3.41,4.66,453.0,0.0,5.0,2.0,20.27,1.75
459.0,514.0,51.79,16.29,12.17,3.41,4.66,453.0,0.0,5.0,2.0,20.33,1.67
459.0,515.0,53.05,16.27,12.93,3.41,4.66,453.0,0.0,5.0,2.0,20.5,1.59
459.0,516.0,54.39,16.29,13.76,3.41,4.66,453.0,0.0,5.0,2.0,20.76,1.51
459.0,517.0,55.8,16.31,14.59,3.41,4.66,453.0,0.0,5.0,2.0,21.06,1.44
459.0,518.0,57.29,16.33,15.28,3.41,4.66,453.0,0.0,5.0,2.0,21.31,1.39
459.0,519.0,58.84,16.35,15.76,3.41,4.66,453.0,0.0,5.0,2.0,21.51,1.36
459.0,520.0,60.45,16.37,16.02,1.21,4.66,453.0,0.0,5.0,2.0,21.59,1.35
459.0,521.0,62.06,16.4,16.09,0.01,4.66,453.0,0.0,5.0,2.0,21.59,1.34
459.0,522.0,63.67,16.42,16.09,-0.06,4.66,453.0,0.0,5.0,2.0,21.49,1.34
459.0,523.0,65.28,16.45,16.09,0.05,4.66,453.0,0.0,5.0,2.0,21.3,1.32
459.0,524.0,66.89,16.47,16.09,0.02,4.66,453.0,0.0,5.0,2.0,21.01,1.31
459.0,525.0,68.5,16.49,16.09,-0.02,4.66,453.0,0.0,5.0,2.0,20.63,1.28
459.0,526.0,70.11,16.52,16.09,-0.04,4.66,453.0,0.0,5.0,2.0,20.24,1.26
459.0,527.0,71.72,16.54,16.09,-0.02,4.66,453.0,0.0,5.0,2.0,19.9,1.24
459.0,528.0,73.33,16.56,16.09,0.0,4.66,453.0,0.0,5.0,2.0,19.6,1.22
459.0,529.0,74.94,16.59,16.09,0.0,4.66,453.0,0.0,5.0,2.0,19.31,1.2
459.0,530.0,76.55,16.61,16.09,0.0,4.66,453.0,0.0,5.0,2.0,19.03,1.18
459.0,531.0,78.15,16.63,16.13,0.73,4.66,453.0,0.0,5.0,2.0,18.83,1.17
459.0,532.0,79.76,16.66,16.25,1.49,4.66,453.0,0.0,5.0,2.0,18.68,1.15
459.0,533.0,81.4,16.68,16.32,0.62,4.66,453.0,0.0,5.0,2.0,18.56,1.14
459.0,534.0,83.05,16.7,16.24,-1.87,4.66,453.0,0.0,5.0,2.0,18.52,1.14
459.0,535.0,84.67,16.72,15.94,-3.41,4.66,453.0,0.0,5.0,2.0,18.42,1.16
459.0,536.0,86.24,16.73,15.44,-3.41,4.66,453.0,0.0,5.0,2.0,18.32,1.19
459.0,537.0,87.75,16.74,14.87,-3.41,4.66,453.0,0.0,5.0,2.0,18.2,1.22
459.0,538.0,89.21,16.73,14.33,-3.41,4.66,453.0,0.0,5.0,2.0,18.07,1.26
459.0,539.0,90.63,16.72,13.94,-3.21,4.66,453.0,0.0,5.0,2.0,17.96,1.29
459.0,540.0,91.99,16.71,13.71,-1.23,4.66,453.0,0.0,5.0,2.0,17.91,1.31
459.0,541.0,93.35,16.69,13.63,-0.04,4.66,453.0,0.0,5.0,2.0,17.87,1.31
459.0,542.0,94.72,16.68,13.58,-0.62,4.66,453.0,0.0,5.0,2.0,17.82,1.31
459.0,543.0,96.08,16.66,13.48,-1.4,4.66,453.0,0.0,5.0,2.0,17.76,1.32
459.0,544.0,97.41,16.65,13.41,-0.67,4.66,453.0,0.0,5.0,2.0,17.71,1.32
459.0,545.0,98.74,16.64,13.41,0.68,4.66,453.0,0.0,5.0,2.0,17.66,1.32
459.0,546.0,100.08,16.63,13.48,1.4,4.66,453.0,0.0,5.0,2.0,17.58,1.3
459.0,547.0,101.44,16.62,13.59,0.75,4.66,453.0,0.0,5.0,2.0,17.46,1.28
459.0,548.0,102.81,16.62,13.64,0.0,4.66,453.0,0.0,5.0,2.0,17.35,1.27
459.0,549.0,104.17,16.61,13.62,-0.24,4.66,453.0,0.0,5.0,2.0,17.29,1.27
459.0,550.0,105.54,16.6,13.59,-0.45,4.66,453.0,0.0,5.0,2.0,17.26,1.27
459.0,551.0,106.89,16.6,13.57,-0.21,4.66,453.0,0.0,5.0,2.0,17.23,1.27
459.0,552.0,108.24,16.59,13.57,0.29,4.66,453.0,0.0,5.0,2.0,17.17,1.27
459.0,553.0,109.6,16.59,13.6,0.56,4.66,453.0,0.0,5.0,2.0,17.1,1.26
459.0,554.0,110.97,16.58,13.61,-0.27,4.66,453.0,0.0,5.0,2.0,17.02,1.25
459.0,555.0,112.34,16.58,13.5,-1.87,4.66,453.0,0.0,5.0,2.0,16.96,1.26
459.0,556.0,113.69,16.57,13.24,-3.38,4.66,453.0,0.0,5.0,2.0,16.84,1.27
459.0,557.0,115.0,16.56,12.88,-3.41,4.66,453.0,0.0,5.0,2.0,16.74,1.3
459.0,558.0,116.27,16.56,12.52,-3.38,4.66,453.0,0.0,5.0,2.0,16.62,1.33
459.0,559.0,117.49,16.56,12.26,-1.87,4.66,453.0,0.0,5.0,2.0,16.61,1.36
459.0,560.0,118.69,16.55,12.19,0.4,4.66,453.0,493.0,5.0,2.0,16.69,1.37
459.0,561.0,119.9,16.55,12.29,1.81,4.66,453.0,493.0,5.0,2.0,16.83,1.37
459.0,562.0,121.15,16.54,12.39,0.89,4.66,453.0,493.0,5.0,2.0,17.01,1.37
459.0,563.0,122.4,16.53,12.39,-0.82,4.66,453.0,493.0,5.0,2.0,17.12,1.38
459.0,564.0,123.64,16.52,12.3,-1.7,4.66,453.0,493.0,5.0,2.0,17.21,1.4
459.0,565.0,124.86,16.51,12.17,-0.9,4.66,453.0,493.0,5.0,2.0,17.25,1.42
459.0,566.0,126.07,16.5,12.12,0.0,4.66,453.0,493.0,5.0,2.0,17.34,1.43
459.0,567.0,127.28,16.48,12.12,0.0,4.66,453.0,493.0,5.0,2.0,17.44,1.44
459.0,568.0,128.49,16.47,12.12,0.0,4.66,453.0,493.0,5.0,2.0,17.58,1.45
459.0,569.0,129.72,16.46,11.92,-3.16,4.66,453.0,493.0,5.0,2.0,17.71,1.49
459.0,570.0,130.88,16.44,11.46,-3.41,4.66,453.0,493.0,5.0,2.0,17.92,1.56
459.0,571.0,132.01,16.43,11.14,-2.85,4.66,453.0,493.0,5.0,2.0,18.15,1.63
459.0,572.0,133.08,16.43,11.14,2.82,4.66,453.0,493.0,5.0,2.0,18.45,1.66
459.0,573.0,134.22,16.44,11.64,3.41,4.66,453.0,493.0,5.0,2.0,18.67,1.6
459.0,574.0,135.43,16.46,12.52,3.41,4.66,453.0,493.0,5.0,2.0,18.84,1.51
459.0,575.0,136.7,16.47,13.04,3.04,4.66,453.0,493.0,5.0,2.0,18.94,1.45
459.0,576.0,138.05,16.47,13.1,-1.71,4.66,453.0,493.0,5.0,2.0,18.96,1.45
459.0,577.0,139.36,16.46,12.9,-3.41,4.66,453.0,493.0,5.0,2.0,19.02,1.47
459.0,578.0,140.63,16.46,12.58,-2.01,4.66,453.0,493.0,5.0,2.0,19.13,1.52
459.0,579.0,141.86,16.45,12.47,0.44,4.66,453.0,493.0,5.0,2.0,19.27,1.55
459.0,580.0,143.11,16.45,12.5,0.09,4.66,453.0,493.0,5.0,2.0,19.39,1.55
459.0,581.0,144.36,16.45,12.5,-0.03,4.66,453.0,493.0,5.0,2.0,19.51,1.56
459.0,582.0,145.61,16.44,12.5,-0.02,4.66,453.0,493.0,5.0,2.0,19.63,1.57
459.0,583.0,146.86,16.44,12.48,-0.24,4.66,453.0,493.0,5.0,2.0,19.76,1.58
459.0,584.0,148.11,16.44,12.45,-0.45,4.66,453.0,493.0,5.0,2.0,19.88,1.6
459.0,585.0,149.35,16.44,12.42,-0.22,4.66,453.0,493.0,5.0,2.0,19.97,1.61
459.0,586.0,150.59,16.43,12.42,0.22,4.66,453.0,493.0,5.0,2.0,20.0,1.61
459.0,587.0,151.83,16.43,12.45,0.45,4.66,453.0,493.0,5.0,2.0,19.98,1.61
459.0,588.0,153.08,16.43,12.48,0.24,4.66,453.0,493.0,5.0,2.0,19.89,1.59
459.0,589.0,154.33,16.43,12.5,0.0,4.66,453.0,493.0,5.0,2.0,19.74,1.58
459.0,590.0,155.58,16.43,12.5,0.0,4.66,453.0,493.0,5.0,2.0,19.56,1.57
459.0,591.0,156.83,16.43,12.5,0.0,4.66,453.0,493.0,5.0,2.0,19.4,1.55
459.0,592.0,158.08,16.43,12.5,0.03,4.66,453.0,493.0,5.0,2.0,19.29,1.54
459.0,593.0,159.33,16.43,12.5,0.06,4.66,453.0,493.0,5.0,2.0,19.19,1.54
459.0,594.0,160.58,16.43,12.5,-0.11,4.66,453.0,493.0,5.0,2.0,19.07,1.53
459.0,595.0,161.83,16.43,12.46,-0.61,4.66,453.0,493.0,5.0,2.0,18.92,1.52
459.0,596.0,163.08,16.43,12.37,-1.25,4.66,453.0,493.0,5.0,2.0,18.77,1.52
459.0,597.0,164.31,16.42,12.23,-1.55,4.66,453.0,493.0,5.0,2.0,18.64,1.52
459.0,598.0,165.53,16.42,12.07,-1.62,4.66,453.0,493.0,5.0,2.0,18.55,1.54
459.0,599.0,166.72,16.41,11.93,-1.3,4.66,453.0,493.0,5.0,2.0,18.46,1.55
459.0,600.0,167.91,16.4,11.85,-0.45,4.66,453.0,493.0,5.0,2.0,18.36,1.55
459.0,601.0,169.08,16.4,11.84,0.38,4.66,453.0,493.0,5.0,2.0,18.25,1.54
459.0,602.0,170.27,16.39,11.88,0.72,4.66,453.0,493.0,5.0,2.0,18.13,1.53
459.0,603.0,171.46,16.39,11.94,0.37,4.66,453.0,493.0,5.0,2.0,18.0,1.51
459.0,604.0,172.66,16.38,11.96,0.0,4.66,453.0,493.0,5.0,2.0,17.87,1.49
459.0,605.0,173.86,16.38,11.96,0.0,4.66,453.0,493.0,5.0,2.0,17.74,1.48
459.0,606.0,175.05,16.37,11.96,0.0,4.66,453.0,493.0,5.0,2.0,17.62,1.47
459.0,607.0,176.25,16.37,11.96,0.0,4.66,453.0,493.0,5.0,2.0,17.49,1.46
459.0,608.0,177.44,16.36,11.96,0.0,4.66,453.0,493.0,5.0,2.0,17.36,1.45
459.0,609.0,178.64,16.36,11.96,0.0,4.66,453.0,493.0,5.0,2.0,17.24,1.44
459.0,610.0,179.84,16.35,11.97,0.06,4.66,453.0,493.0,5.0,2.0,17.11,1.43
459.0,611.0,181.03,16.34,11.98,0.11,4.66,453.0,493.0,5.0,2.0,16.98,1.42
459.0,612.0,182.23,16.34,11.98,0.11,4.66,453.0,493.0,5.0,2.0,16.84,1.4
459.0,613.0,183.43,16.33,11.99,0.03,4.66,453.0,493.0,5.0,2.0,16.67,1.39
459.0,614.0,184.63,16.33,11.97,-0.46,4.66,453.0,493.0,5.0,2.0,16.48,1.38
459.0,615.0,185.83,16.33,11.87,-1.38,4.66,453.0,493.0,5.0,2.0,16.29,1.37
459.0,616.0,187.02,16.32,11.7,-2.17,4.66,453.0,493.0,5.0,2.0,16.11,1.38
459.0,617.0,188.18,16.28,11.5,-2.0,4.66,453.0,493.0,5.0,2.0,15.97,1.39
459.0,618.0,189.31,16.26,11.38,-0.66,4.66,453.0,493.0,5.0,2.0,15.87,1.39
459.0,619.0,190.44,16.25,11.37,0.57,4.66,453.0,493.0,5.0,2.0,15.79,1.39
459.0,620.0,191.57,16.27,11.41,0.71,4.66,453.0,493.0,5.0,2.0,15.71,1.38
459.0,621.0,192.72,16.3,11.46,0.15,4.66,453.0,493.0,5.0,2.0,15.62,1.36
459.0,622.0,193.87,16.32,11.46,-0.26,4.66,453.0,493.0,5.0,2.0,15.54,1.36
459.0,623.0,195.02,16.34,11.44,-0.16,4.66,453.0,493.0,5.0,2.0,15.49,1.35
459.0,624.0,196.16,16.37,11.43,0.0,4.66,453.0,493.0,5.0,2.0,15.46,1.35
459.0,625.0,197.3,16.39,11.43,0.0,4.66,453.0,493.0,5.0,2.0,15.45,1.35
459.0,626.0,198.44,16.42,11.43,0.0,4.66,453.0,493.0,5.0,2.0,15.45,1.35
459.0,627.0,199.59,16.44,11.43,0.0,4.66,453.0,493.0,5.0,2.0,15.45,1.35
459.0,628.0,200.73,16.46,11.43,0.0,4.66,453.0,493.0,5.0,2.0,15.45,1.35
459.0,629.0,201.87,16.49,11.43,0.0,4.66,453.0,493.0,5.0,2.0,15.45,1.35
459.0,630.0,203.02,16.51,11.43,0.0,4.66,453.0,493.0,5.0,2.0,15.44,1.35
459.0,631.0,204.16,16.53,11.41,-0.22,4.66,453.0,493.0,5.0,2.0,15.45,1.35
459.0,632.0,205.3,16.55,11.38,-0.41,4.66,453.0,493.0,5.0,2.0,15.45,1.36
459.0,633.0,206.44,16.56,11.36,-0.2,4.66,453.0,493.0,5.0,2.0,15.4,1.36
459.0,634.0,207.57,16.56,11.36,0.2,4.66,453.0,493.0,5.0,2.0,15.32,1.35
459.0,635.0,208.71,16.56,11.38,0.41,4.66,453.0,493.0,5.0,2.0,15.18,1.33
459.0,636.0,209.85,16.56,11.41,0.23,4.66,453.0,493.0,5.0,2.0,14.99,1.31
459.0,637.0,210.99,16.56,11.43,0.0,4.66,453.0,493.0,5.0,2.0,14.76,1.29
459.0,638.0,212.13,16.56,11.43,0.0,4.66,453.0,493.0,5.0,2.0,14.52,1.27
459.0,639.0,213.28,16.57,11.43,0.0,4.66,453.0,493.0,5.0,2.0,14.27,1.25
459.0,640.0,214.42,16.57,11.43,0.01,4.66,453.0,493.0,5.0,2.0,14.02,1.23
459.0,641.0,215.56,16.57,11.43,-0.05,4.66,453.0,493.0,5.0,2.0,13.76,1.2
459.0,642.0,216.71,16.57,11.41,-0.16,4.66,453.0,493.0,5.0,2.0,13.53,1.19
459.0,643.0,217.85,16.57,11.4,-0.2,4.66,453.0,493.0,5.0,2.0,13.31,1.17
459.0,644.0,218.99,16.57,11.39,-0.09,4.66,453.0,493.0,5.0,2.0,13.09,1.15
459.0,645.0,220.12,16.56,11.39,0.1,4.66,453.0,493.0,5.0,2.0,12.87,1.13
459.0,646.0,221.26,16.55,11.4,0.2,4.66,453.0,493.0,5.0,2.0,12.64,1.11
459.0,647.0,222.4,16.56,11.43,0.32,4.66,453.0,493.0,5.0,2.0,12.41,1.09
459.0,648.0,223.55,16.56,11.44,-0.05,4.66,453.0,493.0,5.0,2.0,12.18,1.07
459.0,649.0,224.71,16.56,11.3,-2.21,4.66,453.0,493.0,5.0,2.0,11.94,1.06
459.0,650.0,225.82,16.56,10.95,-3.41,4.66,453.0,493.0,5.0,2.0,11.73,1.07
459.0,651.0,226.89,16.56,10.44,-3.41,4.66,453.0,493.0,5.0,2.0,11.58,1.11
459.0,652.0,227.91,16.55,9.89,-3.41,4.66,453.0,493.0,5.0,2.0,11.48,1.16
459.0,653.0,228.88,16.54,9.46,-3.22,4.66,453.0,493.0,5.0,2.0,11.42,1.21
459.0,654.0,229.8,16.53,9.23,-1.55,4.66,453.0,493.0,5.0,2.0,11.42,1.24
459.0,655.0,230.71,16.53,9.13,-0.28,4.66,453.0,493.0,5.0,2.0,11.43,1.25
459.0,656.0,231.61,16.54,9.12,0.34,4.66,453.0,493.0,5.0,2.0,11.44,1.25
459.0,657.0,232.53,16.54,9.14,0.08,4.66,453.0,493.0,5.0,2.0,11.43,1.25
459.0,658.0,233.44,16.55,9.15,-0.05,4.66,453.0,493.0,5.0,2.0,11.42,1.25
459.0,659.0,234.36,16.55,9.15,0.08,4.66,453.0,493.0,5.0,2.0,11.4,1.25
459.0,660.0,235.27,16.55,9.16,0.12,4.66,453.0,493.0,5.0,2.0,11.38,1.24
459.0,661.0,236.19,16.55,9.13,-0.51,4.66,453.0,493.0,5.0,2.0,11.37,1.25
459.0,662.0,237.11,16.56,9.0,-1.85,4.66,453.0,493.0,5.0,2.0,11.37,1.26
459.0,663.0,238.01,16.56,8.8,-2.56,4.66,453.0,493.0,5.0,2.0,11.39,1.29
459.0,664.0,238.87,16.56,8.61,-1.57,4.66,453.0,493.0,5.0,2.0,11.44,1.33
459.0,665.0,239.71,16.57,8.52,-0.09,4.66,453.0,493.0,5.0,2.0,11.51,1.35
459.0,666.0,240.56,16.57,8.48,-0.15,4.66,453.0,493.0,5.0,2.0,11.58,1.36
459.0,667.0,241.42,16.57,8.37,-2.01,4.66,453.0,493.0,5.0,2.0,11.63,1.39
459.0,668.0,242.26,16.57,8.12,-3.31,4.66,453.0,493.0,5.0,2.0,11.71,1.44
459.0,669.0,243.05,16.58,7.84,-2.71,4.66,453.0,493.0,5.0,2.0,11.83,1.51
459.0,670.0,243.81,16.58,7.68,-0.59,4.66,453.0,493.0,5.0,2.0,11.99,1.56
459.0,671.0,244.55,16.58,7.77,2.27,4.66,453.0,493.0,5.0,2.0,12.16,1.57
459.0,672.0,245.34,16.59,8.07,3.41,4.66,453.0,493.0,5.0,2.0,12.28,1.52
459.0,673.0,246.16,16.59,8.43,3.41,4.66,453.0,493.0,5.0,2.0,12.38,1.47
459.0,674.0,247.03,16.6,8.76,2.66,4.66,453.0,493.0,5.0,2.0,12.45,1.42
459.0,675.0,247.92,16.59,8.97,1.38,4.66,453.0,493.0,5.0,2.0,12.49,1.39
459.0,676.0,248.83,16.56,9.08,0.78,4.66,453.0,493.0,5.0,2.0,12.54,1.38
459.0,677.0,249.75,16.52,9.11,-0.06,4.66,453.0,493.0,5.0,2.0,12.59,1.38
459.0,678.0,250.67,16.48,9.07,-0.85,4.66,453.0,493.0,5.0,2.0,12.66,1.4
459.0,679.0,251.57,16.4,9.01,-0.59,4.66,453.0,493.0,5.0,2.0,12.76,1.42
459.0,680.0,252.46,16.31,9.0,0.26,4.66,453.0,493.0,5.0,2.0,12.86,1.43
459.0,681.0,253.36,16.18,9.04,0.81,4.66,453.0,493.0,5.0,2.0,12.96,1.43
459.0,682.0,254.26,16.06,9.1,0.67,4.66,453.0,493.0,5.0,2.0,13.04,1.43
459.0,683.0,255.18,15.97,9.15,0.17,4.66,453.0,493.0,5.0,2.0,13.1,1.43
459.0,684.0,256.1,15.92,9.16,-0.06,4.66,453.0,493.0,5.0,2.0,13.14,1.43
459.0,685.0,257.02,15.89,9.15,-0.13,4.66,453.0,493.0,5.0,2.0,13.16,1.44
459.0,686.0,257.93,15.91,9.15,0.09,4.66,453.0,493.0,5.0,2.0,13.16,1.44
459.0,687.0,258.84,15.91,9.15,0.04,4.66,453.0,493.0,5.0,2.0,13.16,1.44
459.0,688.0,259.76,15.92,9.17,0.3,4.66,453.0,493.0,5.0,2.0,13.16,1.44
459.0,689.0,260.67,15.92,9.28,1.55,4.66,453.0,493.0,5.0,2.0,13.16,1.42
459.0,690.0,261.6,15.93,9.48,2.56,4.66,453.0,493.0,5.0,2.0,13.1,1.38
459.0,691.0,262.56,15.93,9.7,2.43,4.66,453.0,493.0,5.0,2.0,13.0,1.34
459.0,692.0,263.55,15.93,9.88,0.98,4.66,453.0,493.0,5.0,2.0,12.88,1.3
459.0,693.0,264.55,15.94,9.94,-0.06,4.66,453.0,493.0,5.0,2.0,12.78,1.29
459.0,694.0,265.54,15.94,9.93,0.02,4.66,453.0,476.0,5.0,2.0,12.71,1.28
459.0,695.0,266.54,15.95,9.93,-0.02,4.66,453.0,476.0,5.0,2.0,12.63,1.27
459.0,696.0,267.53,15.95,9.9,-0.47,4.66,453.0,476.0,5.0,2.0,12.55,1.27
459.0,697.0,268.53,15.95,9.81,-1.29,4.66,453.0,476.0,5.0,2.0,12.47,1.27
459.0,698.0,269.51,15.95,9.65,-2.02,4.66,453.0,476.0,5.0,2.0,12.41,1.29
459.0,699.0,270.46,15.93,9.45,-2.09,4.66,453.0,476.0,5.0,2.0,12.37,1.31
459.0,700.0,271.39,15.92,9.28,-1.44,4.66,453.0,476.0,5.0,2.0,12.35,1.33
459.0,701.0,272.31,15.91,9.17,-0.73,4.66,453.0,476.0,5.0,2.0,12.35,1.35
459.0,702.0,273.23,15.9,9.04,-1.43,4.66,453.0,476.0,5.0,2.0,12.34,1.37
459.0,703.0,274.13,15.89,8.87,-2.13,4.66,453.0,476.0,5.0,2.0,12.36,1.39
459.0,704.0,275.0,15.89,8.76,-0.85,4.66,453.0,476.0,5.0,2.0,12.4,1.42
459.0,705.0,275.86,15.89,8.78,1.25,4.66,453.0,476.0,5.0,2.0,12.46,1.42
459.0,706.0,276.73,15.89,8.91,2.21,4.66,453.0,476.0,5.0,2.0,12.5,1.4
459.0,707.0,277.64,15.89,9.07,1.11,4.66,453.0,476.0,5.0,2.0,12.51,1.38
459.0,708.0,278.56,15.89,9.14,0.0,4.66,453.0,476.0,5.0,2.0,12.5,1.37
459.0,709.0,279.48,15.89,9.14,0.0,4.66,453.0,476.0,5.0,2.0,12.5,1.37
459.0,710.0,280.39,15.89,9.14,0.0,4.66,453.0,476.0,5.0,2.0,12.5,1.37
459.0,711.0,281.3,15.89,9.14,0.0,4.66,453.0,476.0,5.0,2.0,12.5,1.37
459.0,712.0,282.22,15.89,9.14,0.0,4.66,453.0,476.0,5.0,2.0,12.5,1.37
459.0,713.0,283.13,15.9,9.14,0.02,4.66,453.0,476.0,5.0,2.0,12.5,1.37
459.0,714.0,284.06,15.9,9.08,-1.09,4.66,453.0,476.0,5.0,2.0,12.49,1.38
459.0,715.0,284.97,15.9,8.81,-3.41,4.66,453.0,476.0,5.0,2.0,12.49,1.42
459.0,716.0,285.82,15.89,8.31,-3.41,4.66,453.0,476.0,5.0,2.0,12.55,1.51
459.0,717.0,286.62,15.89,7.69,-3.41,4.66,453.0,476.0,5.0,2.0,12.66,1.65
459.0,718.0,287.37,15.89,7.25,-2.84,4.66,453.0,476.0,5.0,2.0,12.81,1.77
459.0,719.0,288.04,15.91,7.25,2.76,4.66,453.0,476.0,5.0,2.0,13.04,1.8
459.0,720.0,288.79,15.91,7.67,3.41,4.66,453.0,476.0,5.0,2.0,13.2,1.72
459.0,721.0,289.58,15.91,8.21,3.41,4.66,453.0,476.0,5.0,2.0,13.33,1.62
459.0,722.0,290.43,15.9,8.55,1.67,4.66,453.0,476.0,5.0,2.0,13.4,1.57
459.0,723.0,291.31,15.9,8.61,-1.16,4.66,453.0,476.0,5.0,2.0,13.43,1.56
459.0,724.0,292.17,15.9,8.51,-1.43,4.66,453.0,476.0,5.0,2.0,13.49,1.59
459.0,725.0,293.01,15.91,8.38,-0.79,4.66,453.0,476.0,5.0,2.0,13.55,1.62
459.0,726.0,293.85,15.91,8.27,-1.27,4.66,453.0,476.0,5.0,2.0,13.57,1.64
459.0,727.0,294.67,15.91,8.11,-2.06,4.66,453.0,476.0,5.0,2.0,13.57,1.67
459.0,728.0,295.48,15.91,7.85,-3.02,4.66,453.0,476.0,5.0,2.0,13.54,1.72
459.0,729.0,296.25,15.91,7.47,-3.41,4.66,453.0,476.0,5.0,2.0,13.53,1.81
459.0,730.0,296.97,15.9,6.96,-3.41,4.66,453.0,476.0,5.0,2.0,13.56,1.95
459.0,731.0,297.64,15.9,6.44,-3.41,4.66,453.0,476.0,5.0,2.0,13.66,2.12
459.0,732.0,298.25,15.91,6.12,-1.67,4.66,453.0,476.0,5.0,2.0,13.8,2.25
459.0,733.0,298.82,15.9,6.2,3.28,4.66,453.0,476.0,5.0,2.0,13.99,2.26
459.0,734.0,299.47,15.86,6.65,3.41,4.66,453.0,476.0,5.0,2.0,14.11,2.12
459.0,735.0,300.16,15.81,7.18,3.41,4.66,453.0,476.0,5.0,2.0,14.18,1.97
459.0,736.0,300.91,15.75,7.54,2.07,4.66,453.0,476.0,5.0,2.0,14.17,1.88
459.0,737.0,301.69,15.7,7.67,-0.19,4.66,453.0,476.0,5.0,2.0,14.12,1.84
459.0,738.0,302.46,15.67,7.64,-0.48,4.66,453.0,476.0,5.0,2.0,14.1,1.84
459.0,739.0,303.21,15.68,7.62,0.05,4.66,453.0,476.0,5.0,2.0,14.1,1.85
459.0,740.0,303.98,15.68,7.62,0.03,4.66,453.0,476.0,5.0,2.0,14.09,1.85
459.0,741.0,304.74,15.68,7.62,-0.01,4.66,453.0,476.0,5.0,2.0,14.03,1.84
459.0,742.0,305.5,15.69,7.62,0.0,4.66,453.0,476.0,5.0,2.0,13.94,1.83
459.0,743.0,306.26,15.69,7.62,0.0,4.66,453.0,476.0,5.0,2.0,13.8,1.81
459.0,744.0,307.02,15.69,7.62,0.0,4.66,453.0,476.0,5.0,2.0,13.65,1.79
459.0,745.0,307.79,15.69,7.62,0.0,4.66,453.0,476.0,5.0,2.0,13.49,1.77
459.0,746.0,308.55,15.69,7.62,0.0,4.66,453.0,476.0,5.0,2.0,13.34,1.75
459.0,747.0,309.31,15.69,7.62,0.0,4.66,453.0,476.0,5.0,2.0,13.18,1.73
459.0,748.0,310.07,15.69,7.62,0.0,4.66,453.0,476.0,5.0,2.0,12.97,1.7
459.0,749.0,310.83,15.69,7.63,0.08,4.66,453.0,476.0,5.0,2.0,12.72,1.67
459.0,750.0,311.6,15.69,7.63,0.07,4.66,453.0,476.0,5.0,2.0,12.43,1.63
459.0,751.0,312.36,15.69,7.61,-0.4,4.66,453.0,476.0,5.0,2.0,12.12,1.59
459.0,752.0,313.13,15.69,7.52,-1.27,4.66,453.0,476.0,5.0,2.0,11.8,1.57
459.0,753.0,313.88,15.69,7.31,-2.83,4.66,453.0,476.0,5.0,2.0,11.51,1.57
459.0,754.0,314.6,15.7,6.98,-3.41,4.66,453.0,476.0,5.0,2.0,11.25,1.61
459.0,755.0,315.29,15.7,6.65,-3.35,4.66,453.0,476.0,5.0,2.0,11.02,1.66
459.0,756.0,315.93,15.7,6.35,-2.59,4.66,453.0,476.0,5.0,2.0,10.77,1.7
459.0,757.0,316.55,15.7,6.06,-2.55,4.66,453.0,476.0,5.0,2.0,10.52,1.73
459.0,758.0,317.15,15.7,5.75,-3.41,4.66,453.0,476.0,5.0,2.0,10.26,1.78
459.0,759.0,317.7,15.71,5.36,-3.41,4.66,453.0,476.0,5.0,2.0,10.06,1.88
459.0,760.0,318.22,15.71,4.98,-3.41,4.66,453.0,476.0,5.0,2.0,9.92,1.99
459.0,761.0,318.69,15.72,4.72,-1.92,4.66,453.0,476.0,5.0,2.0,9.85,2.09
459.0,762.0,319.14,15.72,4.59,-0.51,4.66,453.0,476.0,5.0,2.0,9.79,2.13
459.0,763.0,319.59,15.72,4.56,0.12,4.66,453.0,476.0,5.0,2.0,9.74,2.14
459.0,764.0,320.05,15.72,4.57,0.08,4.66,453.0,476.0,5.0,2.0,9.67,2.12
459.0,765.0,320.51,15.73,4.57,0.0,4.66,453.0,476.0,5.0,2.0,9.6,2.1
459.0,766.0,320.97,15.73,4.57,0.0,4.66,453.0,476.0,5.0,2.0,9.54,2.09
459.0,767.0,321.42,15.73,4.57,0.0,4.66,453.0,476.0,5.0,2.0,9.48,2.07
459.0,768.0,321.88,15.73,4.58,0.08,4.66,453.0,476.0,5.0,2.0,9.41,2.06
459.0,769.0,322.34,15.74,4.58,0.07,4.66,453.0,476.0,5.0,2.0,9.35,2.04
459.0,770.0,322.8,15.74,4.56,-0.4,4.66,453.0,476.0,5.0,2.0,9.28,2.03
459.0,771.0,323.26,15.74,4.47,-1.3,4.66,453.0,476.0,5.0,2.0,9.21,2.06
459.0,772.0,323.71,15.75,4.3,-2.17,4.66,453.0,476.0,5.0,2.0,9.15,2.13
459.0,773.0,324.13,15.74,4.07,-2.6,4.66,453.0,476.0,5.0,2.0,9.12,2.24
459.0,774.0,324.52,15.77,3.81,-2.63,4.66,453.0,476.0,5.0,2.0,9.12,2.39
459.0,775.0,324.89,15.8,3.55,-2.58,4.66,453.0,476.0,5.0,2.0,9.15,2.58
459.0,776.0,325.23,15.86,3.32,-2.18,4.66,453.0,476.0,5.0,2.0,9.2,2.77
459.0,777.0,325.55,15.9,3.15,-1.31,4.66,453.0,476.0,5.0,2.0,9.28,2.95
459.0,778.0,325.85,15.92,3.06,-0.42,4.66,453.0,476.0,5.0,2.0,9.37,3.06
459.0,779.0,326.15,15.91,3.03,0.06,4.66,453.0,476.0,5.0,2.0,9.46,3.12
459.0,780.0,326.45,15.91,3.04,0.13,4.66,453.0,476.0,5.0,2.0,9.55,3.14
459.0,781.0,326.75,15.91,3.06,0.26,4.66,453.0,476.0,5.0,2.0,9.64,3.15
459.0,782.0,327.06,15.92,3.1,0.54,4.66,453.0,476.0,5.0,2.0,9.73,3.13
459.0,783.0,327.37,15.94,3.16,0.68,4.66,453.0,476.0,5.0,2.0,9.8,3.1
459.0,784.0,327.69,15.98,3.22,0.55,4.66,453.0,476.0,5.0,2.0,9.85,3.06
459.0,785.0,328.02,16.03,3.26,0.28,4.66,453.0,476.0,5.0,2.0,9.89,3.03
459.0,786.0,328.35,16.07,3.28,0.05,4.66,453.0,476.0,5.0,2.0,9.94,3.03
459.0,787.0,328.68,16.11,3.28,-0.03,4.66,453.0,476.0,5.0,2.0,10.0,3.05
459.0,788.0,329.01,16.15,3.28,-0.02,4.66,453.0,476.0,5.0,2.0,10.1,3.08
459.0,789.0,329.33,16.19,3.28,0.0,4.66,453.0,476.0,5.0,2.0,10.22,3.12
459.0,790.0,329.66,16.23,3.28,0.0,4.66,453.0,476.0,5.0,2.0,10.34,3.15
459.0,791.0,329.99,16.27,3.28,0.0,4.66,453.0,476.0,5.0,2.0,10.41,3.17
459.0,792.0,330.32,16.31,3.28,0.0,4.66,453.0,476.0,5.0,2.0,10.45,3.19
459.0,793.0,330.65,16.36,3.28,0.0,4.66,453.0,476.0,5.0,2.0,10.44,3.18
459.0,794.0,330.97,16.4,3.28,0.0,4.66,453.0,476.0,5.0,2.0,10.41,3.17
459.0,795.0,331.3,16.44,3.28,0.0,4.66,453.0,476.0,5.0,2.0,10.38,3.17
459.0,796.0,331.63,16.48,3.28,0.0,4.66,453.0,476.0,5.0,2.0,10.36,3.16
459.0,797.0,331.96,16.52,3.28,0.0,4.66,453.0,476.0,5.0,2.0,10.34,3.15
459.0,798.0,332.29,16.56,3.28,0.0,4.66,453.0,476.0,5.0,2.0,10.32,3.15
459.0,799.0,332.61,16.6,3.28,0.01,4.66,453.0,476.0,5.0,2.0,10.3,3.14
459.0,800.0,332.94,16.64,3.28,0.0,4.66,453.0,476.0,5.0,2.0,10.26,3.13
459.0,801.0,333.27,16.68,3.28,-0.01,4.66,453.0,476.0,5.0,2.0,10.18,3.1
459.0,802.0,333.6,16.72,3.28,0.0,4.66,453.0,476.0,5.0,2.0,10.06,3.07
459.0,803.0,333.93,16.76,3.28,0.0,4.66,453.0,476.0,5.0,2.0,9.9,3.02
459.0,804.0,334.25,16.8,3.29,0.09,4.66,453.0,476.0,5.0,2.0,9.72,2.96
459.0,805.0,334.58,16.84,3.29,0.07,4.66,453.0,476.0,5.0,2.0,9.54,2.9
459.0,806.0,334.92,16.88,3.25,-0.71,4.66,453.0,476.0,5.0,2.0,9.36,2.88
459.0,807.0,335.25,16.93,3.1,-2.22,4.66,453.0,476.0,5.0,2.0,9.18,2.96
459.0,808.0,335.55,16.97,2.8,-3.41,4.66,453.0,476.0,5.0,2.0,9.03,3.22
459.0,809.0,335.81,16.99,2.4,-3.41,4.66,453.0,476.0,5.0,2.0,8.92,3.71
459.0,810.0,336.03,17.01,2.0,-3.41,4.66,453.0,476.0,5.0,2.0,8.85,4.43
459.0,811.0,336.21,17.01,1.71,-2.22,4.66,453.0,476.0,5.0,2.0,8.83,5.16
459.0,812.0,336.36,17.0,1.55,-0.71,4.66,453.0,476.0,5.0,2.0,8.83,5.68
459.0,813.0,336.51,17.0,1.51,0.06,4.66,453.0,476.0,5.0,2.0,8.84,5.84
459.0,814.0,336.66,17.0,1.52,0.09,4.66,453.0,476.0,5.0,2.0,8.84,5.82
459.0,815.0,336.81,17.0,1.52,0.0,4.66,453.0,476.0,5.0,2.0,8.84,5.8
459.0,816.0,336.96,17.0,1.52,0.0,4.66,453.0,476.0,5.0,2.0,8.84,5.8
459.0,817.0,337.11,17.0,1.52,0.0,4.66,453.0,476.0,5.0,2.0,8.85,5.81
459.0,818.0,337.27,17.0,1.52,0.0,4.66,453.0,476.0,5.0,2.0,8.83,5.8
459.0,819.0,337.42,17.0,1.52,0.0,4.66,453.0,476.0,5.0,2.0,8.78,5.76
459.0,820.0,337.57,17.0,1.53,0.08,4.66,453.0,476.0,5.0,2.0,8.68,5.69
459.0,821.0,337.72,17.0,1.54,0.07,4.66,453.0,476.0,5.0,2.0,8.55,5.56
459.0,822.0,337.88,17.0,1.51,-0.4,4.66,453.0,476.0,5.0,2.0,8.39,5.55
459.0,823.0,338.04,17.0,1.42,-1.35,4.66,453.0,476.0,5.0,2.0,8.23,5.8
459.0,824.0,338.18,17.0,1.25,-2.22,4.66,453.0,476.0,5.0,2.0,8.09,6.47
459.0,825.0,338.29,17.0,1.04,-2.14,4.66,453.0,476.0,5.0,2.0,7.98,7.65
459.0,826.0,338.38,16.99,0.88,-1.27,4.66,453.0,476.0,5.0,2.0,7.89,8.99
459.0,827.0,338.46,16.99,0.76,-0.79,4.66,453.0,476.0,5.0,2.0,7.81,10.25
459.0,828.0,338.53,16.99,0.65,-1.27,4.66,453.0,476.0,5.0,2.0,7.74,11.92
459.0,829.0,338.6,16.99,0.49,-2.06,4.66,453.0,476.0,5.0,2.0,7.67,15.73
459.0,830.0,338.64,16.99,0.29,-2.08,4.66,453.0,476.0,5.0,2.0,7.64,26.09
459.0,831.0,338.65,16.99,0.13,-1.28,4.66,453.0,476.0,5.0,2.0,7.62,59.53
459.0,832.0,338.65,16.99,0.04,-0.46,4.66,453.0,476.0,5.0,2.0,7.62,208.33
459.0,833.0,338.65,16.99,0.0,0.0,4.66,453.0,476.0,5.0,2.0,7.62,9999.99
459.0,834.0,338.65,16.99,0.0,0.0,4.66,453.0,476.0,5.0,2.0,7.62,9999.99
459.0,835.0,338.65,16.99,0.0,0.0,4.66,453.0,476.0,5.0,2.0,7.62,9999.99
459.0,836.0,338.65,16.99,0.0,0.0,4.66,453.0,476.0,5.0,2.0,7.62,9999.99
459.0,837.0,338.65,16.99,0.0,0.0,4.66,453.0,476.0,5.0,2.0,7.62,9999.99
459.0,838.0,338.65,16.99,0.0,0.0,4.66,453.0,476.0,5.0,2.0,7.62,9999.99
459.0,839.0,338.65,16.99,0.0,0.0,4.66,453.0,476.0,5.0,2.0,7.62,9999.99
459.0,840.0,338.65,16.99,0.0,0.0,4.66,453.0,476.0,5.0,2.0,7.62,9999.99
459.0,841.0,338.65,16.99,0.0,0.0,4.66,453.0,476.0,5.0,2.0,7.62,9999.99
459.0,842.0,338.65,16.99,0.0,0.0,4.66,453.0,476.0,5.0,2.0,7.62,9999.99
459.0,843.0,338.65,17.0,0.0,0.0,4.66,453.0,476.0,5.0,2.0,7.62,9999.99
459.0,844.0,338.65,16.99,0.0,0.0,4.66,453.0,476.0,5.0,2.0,7.62,9999.99
459.0,845.0,338.65,16.96,0.0,0.0,4.66,453.0,476.0,5.0,2.0,7.62,9999.99
459.0,846.0,338.65,16.91,0.0,0.0,4.66,453.0,476.0,5.0,2.0,7.62,9999.99
459.0,847.0,338.66,16.88,0.45,3.36,4.66,453.0,476.0,5.0,2.0,7.61,16.87
459.0,848.0,338.72,16.87,0.74,3.01,4.66,453.0,476.0,5.0,2.0,7.55,10.15
459.0,849.0,338.82,16.87,0.96,1.41,4.66,453.0,476.0,5.0,2.0,7.45,7.73
459.0,850.0,338.94,16.87,1.05,0.11,4.66,453.0,476.0,5.0,2.0,7.33,6.95
459.0,851.0,339.04,16.87,1.06,-0.11,4.66,453.0,476.0,5.0,2.0,7.22,6.83
459.0,852.0,339.15,16.87,1.05,0.0,4.66,453.0,476.0,5.0,2.0,7.12,6.77
459.0,853.0,339.25,16.87,1.05,0.0,4.66,453.0,476.0,5.0,2.0,7.02,6.67
459.0,854.0,339.36,16.87,1.05,0.0,4.66,453.0,476.0,5.0,2.0,6.91,6.57
459.0,855.0,339.46,16.87,1.05,0.0,4.66,453.0,476.0,5.0,2.0,6.81,6.47
459.0,856.0,339.57,16.87,1.05,0.0,4.66,453.0,476.0,5.0,2.0,6.75,6.42
459.0,857.0,339.67,16.87,1.05,0.0,4.66,453.0,476.0,5.0,2.0,6.74,6.41
459.0,858.0,339.78,16.87,1.05,0.03,4.66,453.0,476.0,5.0,2.0,6.77,6.44
459.0,859.0,339.89,16.87,1.05,0.04,4.66,453.0,476.0,5.0,2.0,6.82,6.47
459.0,860.0,339.99,16.87,1.05,-0.17,4.66,453.0,476.0,5.0,2.0,6.87,6.57
459.0,861.0,340.1,16.87,1.01,-0.58,4.66,453.0,476.0,5.0,2.0,6.91,6.87
459.0,862.0,340.2,16.86,0.94,-0.84,4.66,453.0,476.0,5.0,2.0,6.96,7.41
459.0,863.0,340.29,16.84,0.87,-0.59,4.66,453.0,476.0,5.0,2.0,7.04,8.05
459.0,864.0,340.37,16.81,0.85,0.06,4.66,453.0,476.0,5.0,2.0,7.18,8.47
459.0,865.0,340.45,16.78,0.87,0.5,4.66,453.0,476.0,5.0,2.0,7.35,8.43
459.0,866.0,340.54,16.78,0.91,0.46,4.66,453.0,476.0,5.0,2.0,7.52,8.22
459.0,867.0,340.63,16.78,0.94,0.02,4.66,453.0,476.0,5.0,2.0,7.69,8.22
459.0,868.0,340.73,16.78,0.95,0.06,4.66,453.0,476.0,5.0,2.0,7.89,8.32
459.0,869.0,340.81,16.78,1.04,1.48,4.66,453.0,476.0,5.0,2.0,8.11,7.78
459.0,870.0,340.92,16.78,1.31,3.41,4.66,453.0,476.0,5.0,2.0,8.32,6.35
459.0,871.0,341.07,16.79,1.77,3.41,4.66,453.0,476.0,5.0,2.0,8.46,4.77
459.0,872.0,341.28,16.79,2.38,3.41,4.66,453.0,476.0,5.0,2.0,8.55,3.59
459.0,873.0,341.55,16.78,2.99,3.41,4.66,453.0,476.0,5.0,2.0,8.6,2.88
459.0,874.0,341.87,16.78,3.45,3.41,4.66,453.0,476.0,5.0,2.0,8.62,2.5
459.0,875.0,342.24,16.8,3.73,1.62,4.66,453.0,476.0,5.0,2.0,8.63,2.32
459.0,876.0,342.63,16.82,3.84,0.25,4.66,453.0,476.0,5.0,2.0,8.66,2.26
459.0,877.0,343.02,16.84,3.85,0.0,4.66,453.0,476.0,5.0,2.0,8.73,2.27
459.0,878.0,343.4,16.85,3.86,0.08,4.66,453.0,476.0,5.0,2.0,8.8,2.28
459.0,879.0,343.79,16.84,3.86,0.02,4.66,453.0,476.0,5.0,2.0,8.84,2.29
459.0,880.0,344.18,16.84,3.86,0.0,4.66,453.0,476.0,5.0,2.0,8.86,2.3
459.0,881.0,344.56,16.83,3.86,0.0,4.66,453.0,476.0,5.0,2.0,8.91,2.31
459.0,882.0,344.95,16.83,3.86,0.0,4.66,453.0,476.0,5.0,2.0,9.01,2.33
459.0,883.0,345.34,16.83,3.86,0.0,4.66,453.0,476.0,5.0,2.0,9.15,2.37
459.0,884.0,345.72,16.82,3.86,0.0,4.66,453.0,476.0,5.0,2.0,9.34,2.42
459.0,885.0,346.11,16.82,3.82,-0.63,4.66,453.0,476.0,5.0,2.0,9.57,2.5
459.0,886.0,346.49,16.82,3.73,-1.19,4.66,453.0,476.0,5.0,2.0,9.81,2.63
459.0,887.0,346.86,16.82,3.66,-0.57,4.66,453.0,476.0,5.0,2.0,10.07,2.75
459.0,888.0,347.21,16.81,3.67,0.57,4.66,453.0,476.0,5.0,2.0,10.33,2.82
459.0,889.0,347.58,16.81,3.73,1.19,4.66,453.0,476.0,5.0,2.0,10.58,2.84
459.0,890.0,347.96,16.81,3.82,0.63,4.66,453.0,476.0,5.0,2.0,10.82,2.83
459.0,891.0,348.35,16.81,3.86,0.0,4.66,453.0,476.0,5.0,2.0,11.05,2.86
459.0,892.0,348.74,16.81,3.86,0.0,4.66,453.0,476.0,5.0,2.0,11.28,2.92
459.0,893.0,349.12,16.81,3.86,0.0,4.66,453.0,476.0,5.0,2.0,11.51,2.98
459.0,894.0,349.51,16.81,3.86,0.0,4.66,453.0,476.0,5.0,2.0,11.74,3.04
459.0,895.0,349.9,16.81,3.86,0.0,4.66,453.0,476.0,5.0,2.0,11.97,3.1
459.0,896.0,350.28,16.81,3.86,0.0,4.66,453.0,476.0,5.0,2.0,12.2,3.16
459.0,897.0,350.67,16.8,3.86,0.0,4.66,453.0,476.0,5.0,2.0,12.44,3.22
459.0,898.0,351.05,16.8,3.86,0.0,4.66,453.0,476.0,5.0,2.0,12.67,3.28
459.0,899.0,351.44,16.8,3.86,0.0,4.66,453.0,476.0,5.0,2.0,12.9,3.34
459.0,900.0,351.83,16.8,3.86,0.0,4.66,453.0,476.0,5.0,2.0,13.09,3.39
459.0,901.0,352.21,16.8,3.85,-0.15,4.66,453.0,476.0,5.0,2.0,13.28,3.45
459.0,902.0,352.6,16.8,3.85,0.09,4.66,453.0,476.0,5.0,2.0,13.48,3.5
459.0,903.0,352.97,16.8,3.95,1.56,4.66,453.0,476.0,5.0,2.0,13.71,3.47
459.0,904.0,353.37,16.8,4.23,3.41,4.66,453.0,476.0,5.0,2.0,13.94,3.29
459.0,905.0,353.82,16.8,4.7,3.41,4.66,453.0,476.0,5.0,2.0,14.11,3.0
459.0,906.0,354.32,16.8,5.32,3.41,4.66,453.0,476.0,5.0,2.0,14.22,2.67
459.0,907.0,354.88,16.8,5.95,3.41,4.66,453.0,476.0,5.0,2.0,14.28,2.4
459.0,908.0,355.5,16.79,6.42,3.41,4.66,453.0,476.0,5.0,2.0,14.28,2.22
459.0,909.0,356.17,16.79,6.7,1.55,4.66,453.0,476.0,5.0,2.0,14.23,2.12
459.0,910.0,356.86,16.79,6.8,0.09,4.66,453.0,476.0,5.0,2.0,14.15,2.08
459.0,911.0,357.54,16.79,6.8,-0.15,4.66,453.0,476.0,5.0,2.0,14.09,2.07
459.0,912.0,358.22,16.78,6.79,0.0,4.66,453.0,476.0,5.0,2.0,14.03,2.07
459.0,913.0,358.89,16.78,6.79,0.0,4.66,453.0,476.0,5.0,2.0,13.97,2.06
459.0,914.0,359.57,16.78,6.79,0.0,4.66,453.0,476.0,5.0,2.0,13.91,2.05
459.0,915.0,360.25,16.78,6.79,0.0,4.66,453.0,476.0,5.0,2.0,13.85,2.04
459.0,916.0,360.93,16.78,6.79,0.0,4.66,453.0,476.0,5.0,2.0,13.79,2.03
459.0,917.0,361.61,16.77,6.79,0.0,4.66,453.0,476.0,5.0,2.0,13.73,2.02
459.0,918.0,362.29,16.77,6.79,0.0,4.66,453.0,476.0,5.0,2.0,13.66,2.01
459.0,919.0,362.97,16.77,6.78,-0.04,4.66,453.0,476.0,5.0,2.0,13.6,2.0
459.0,920.0,363.65,16.77,6.72,-1.1,4.66,453.0,476.0,5.0,2.0,13.53,2.01
459.0,921.0,364.32,16.77,6.57,-1.94,4.66,453.0,476.0,5.0,2.0,13.48,2.05
459.0,922.0,364.97,16.76,6.46,-0.87,4.66,453.0,476.0,5.0,2.0,13.46,2.08
459.0,923.0,365.6,16.77,6.47,1.0,4.66,453.0,476.0,5.0,2.0,13.44,2.08
459.0,924.0,366.24,16.77,6.58,1.94,4.66,453.0,476.0,5.0,2.0,13.42,2.04
459.0,925.0,366.91,16.77,6.73,1.01,4.66,453.0,476.0,5.0,2.0,13.36,1.99
459.0,926.0,367.6,16.78,6.79,0.0,4.66,453.0,476.0,5.0,2.0,13.3,1.96
459.0,927.0,368.28,16.78,6.79,0.0,4.66,453.0,476.0,5.0,2.0,13.23,1.95
459.0,928.0,368.96,16.78,6.79,0.0,4.66,453.0,476.0,5.0,2.0,13.17,1.94
459.0,929.0,369.63,16.79,6.79,0.0,4.66,453.0,476.0,5.0,2.0,13.12,1.93
459.0,930.0,370.31,16.79,6.79,0.0,4.66,453.0,476.0,5.0,2.0,13.05,1.92
459.0,931.0,370.99,16.79,6.79,0.0,4.66,453.0,476.0,5.0,2.0,12.98,1.91
459.0,932.0,371.67,16.8,6.79,0.0,4.66,453.0,476.0,5.0,2.0,12.87,1.9
459.0,933.0,372.35,16.8,6.79,0.0,4.66,453.0,476.0,5.0,2.0,12.77,1.88
459.0,934.0,373.03,16.8,6.79,-0.01,4.66,453.0,476.0,5.0,2.0,12.7,1.87
459.0,935.0,373.71,16.8,6.79,-0.02,4.66,453.0,476.0,5.0,2.0,12.68,1.87
459.0,936.0,374.39,16.81,6.79,0.04,4.66,453.0,476.0,5.0,2.0,12.68,1.87
459.0,937.0,375.06,16.81,6.8,0.2,4.66,453.0,476.0,5.0,2.0,12.68,1.86
459.0,938.0,375.74,16.81,6.83,0.42,4.66,453.0,476.0,5.0,2.0,12.68,1.86
459.0,939.0,376.43,16.82,6.88,0.52,4.66,453.0,476.0,5.0,2.0,12.67,1.84
459.0,940.0,377.12,16.81,6.92,0.42,4.66,453.0,476.0,5.0,2.0,12.66,1.83
459.0,941.0,377.82,16.81,6.95,0.2,4.66,453.0,476.0,5.0,2.0,12.63,1.82
459.0,942.0,378.51,16.81,6.97,0.04,4.66,453.0,476.0,5.0,2.0,12.61,1.81
459.0,943.0,379.21,16.8,6.97,-0.02,4.66,453.0,476.0,5.0,2.0,12.6,1.81
459.0,944.0,379.91,16.8,6.97,0.0,4.66,453.0,476.0,5.0,2.0,12.6,1.81
459.0,945.0,380.6,16.79,6.97,0.0,4.66,453.0,476.0,5.0,2.0,12.59,1.81
459.0,946.0,381.3,16.79,6.97,0.0,4.66,453.0,476.0,5.0,2.0,12.57,1.8
459.0,947.0,382.0,16.79,6.97,0.0,4.66,453.0,476.0,5.0,2.0,12.55,1.8
459.0,948.0,382.69,16.78,6.97,0.0,4.66,453.0,476.0,5.0,2.0,12.53,1.8
459.0,949.0,383.39,16.78,6.97,0.0,4.66,453.0,476.0,5.0,2.0,12.51,1.79
459.0,950.0,384.09,16.78,6.97,0.0,4.66,453.0,476.0,5.0,2.0,12.48,1.79
459.0,951.0,384.78,16.77,6.97,0.0,4.66,453.0,476.0,5.0,2.0,12.46,1.79
459.0,952.0,385.48,16.77,6.97,0.0,4.66,453.0,476.0,5.0,2.0,12.44,1.79
459.0,953.0,386.18,16.76,6.97,0.0,4.66,453.0,476.0,5.0,2.0,12.42,1.78
459.0,954.0,386.87,16.76,6.97,-0.01,4.66,453.0,476.0,5.0,2.0,12.4,1.78
459.0,955.0,387.57,16.76,6.97,-0.01,4.66,453.0,476.0,5.0,2.0,12.38,1.78
459.0,956.0,388.27,16.75,6.97,0.0,4.66,453.0,476.0,5.0,2.0,12.36,1.77
459.0,957.0,388.96,16.75,6.97,0.01,4.66,453.0,476.0,5.0,2.0,12.34,1.77
459.0,958.0,389.66,16.75,6.97,0.0,4.66,453.0,476.0,5.0,2.0,12.31,1.77
459.0,959.0,390.35,16.74,6.99,0.38,4.66,453.0,476.0,5.0,2.0,12.3,1.76
459.0,960.0,391.05,16.74,7.05,0.72,4.66,453.0,476.0,5.0,2.0,12.27,1.74
459.0,961.0,391.76,16.74,7.09,0.34,4.66,453.0,476.0,5.0,2.0,12.23,1.73
459.0,962.0,392.48,16.74,7.09,-0.35,4.66,453.0,476.0,5.0,2.0,12.2,1.72
459.0,963.0,393.19,16.74,7.05,-0.72,4.66,453.0,476.0,5.0,2.0,12.16,1.73
459.0,964.0,393.89,16.73,6.99,-0.38,4.66,453.0,476.0,5.0,2.0,12.14,1.74
459.0,965.0,394.58,16.72,6.97,0.01,4.66,453.0,476.0,5.0,2.0,12.12,1.74
459.0,966.0,395.28,16.72,6.97,0.0,4.66,453.0,476.0,5.0,2.0,12.1,1.74
459.0,967.0,395.98,16.71,6.97,0.0,4.66,453.0,476.0,5.0,2.0,12.08,1.73
459.0,968.0,396.67,16.71,6.97,0.0,4.66,453.0,476.0,5.0,2.0,12.05,1.73
459.0,969.0,397.37,16.7,6.97,0.0,4.66,453.0,476.0,5.0,2.0,12.03,1.73
459.0,970.0,398.07,16.7,6.96,-0.02,4.66,453.0,476.0,5.0,2.0,12.01,1.72
459.0,971.0,398.76,16.69,6.96,-0.05,4.66,453.0,476.0,5.0,2.0,11.99,1.72
459.0,972.0,399.46,16.69,6.97,0.12,4.66,453.0,476.0,5.0,2.0,11.97,1.72
459.0,973.0,400.15,16.68,7.01,0.65,4.66,453.0,476.0,5.0,2.0,11.95,1.71
459.0,974.0,400.85,16.67,7.11,1.33,4.66,453.0,476.0,5.0,2.0,11.93,1.68
459.0,975.0,401.57,16.67,7.25,1.66,4.66,453.0,476.0,5.0,2.0,11.89,1.64
459.0,976.0,402.3,16.67,7.39,1.33,4.66,453.0,476.0,5.0,2.0,11.83,1.6
459.0,977.0,403.05,16.66,7.49,0.65,4.66,453.0,476.0,5.0,2.0,11.75,1.57
459.0,978.0,403.81,16.66,7.53,0.12,4.66,453.0,476.0,5.0,2.0,11.67,1.55
459.0,979.0,404.56,16.66,7.54,-0.05,4.66,453.0,476.0,5.0,2.0,11.59,1.54
459.0,980.0,405.32,16.66,7.54,-0.03,4.66,453.0,476.0,5.0,2.0,11.52,1.53
459.0,981.0,406.07,16.65,7.53,0.0,4.66,453.0,476.0,5.0,2.0,11.42,1.52
459.0,982.0,406.82,16.65,7.53,0.0,4.66,453.0,476.0,5.0,2.0,11.33,1.5
459.0,983.0,407.58,16.65,7.53,0.0,4.66,453.0,476.0,5.0,2.0,11.26,1.49
459.0,984.0,408.33,16.65,7.53,0.0,4.66,453.0,476.0,5.0,2.0,11.23,1.49
459.0,985.0,409.08,16.64,7.53,-0.01,4.66,453.0,476.0,5.0,2.0,11.25,1.49
459.0,986.0,409.84,16.64,7.53,0.0,4.66,453.0,476.0,5.0,2.0,11.29,1.5
459.0,987.0,410.59,16.64,7.53,0.0,4.66,453.0,476.0,5.0,2.0,11.32,1.5
459.0,988.0,411.34,16.64,7.53,0.0,4.66,453.0,476.0,5.0,2.0,11.35,1.51
459.0,989.0,412.1,16.63,7.53,0.0,4.66,453.0,476.0,5.0,2.0,11.37,1.51
459.0,990.0,412.85,16.63,7.53,0.0,4.66,453.0,476.0,5.0,2.0,11.4,1.51
459.0,991.0,413.6,16.63,7.53,0.0,4.66,453.0,476.0,5.0,2.0,11.42,1.52
459.0,992.0,414.36,16.63,7.53,0.0,4.66,453.0,476.0,5.0,2.0,11.45,1.52
459.0,993.0,415.11,16.62,7.53,0.0,4.66,453.0,476.0,5.0,2.0,11.47,1.52
459.0,994.0,415.86,16.62,7.53,0.0,4.66,453.0,476.0,5.0,2.0,11.5,1.53
459.0,995.0,416.62,16.62,7.53,0.0,4.66,453.0,476.0,5.0,2.0,11.52,1.53
459.0,996.0,417.37,16.62,7.53,0.0,4.66,453.0,476.0,5.0,2.0,11.55,1.53
459.0,997.0,418.12,16.61,7.55,0.23,4.66,453.0,476.0,5.0,2.0,11.58,1.53
459.0,998.0,418.88,16.61,7.58,0.44,4.66,453.0,476.0,5.0,2.0,11.6,1.53
459.0,999.0,419.64,16.61,7.61,0.21,4.66,453.0,476.0,5.0,2.0,11.62,1.53
459.0,1000.0,420.4,16.6,7.61,-0.21,4.66,453.0,476.0,5.0,2.0,11.63,1.53
459.0,1001.0,421.17,16.6,7.58,-0.44,4.66,453.0,476.0,5.0,2.0,11.65,1.54
459.0,1002.0,421.92,16.6,7.55,-0.23,4.66,453.0,476.0,5.0,2.0,11.67,1.55
459.0,1003.0,422.67,16.59,7.53,0.0,4.66,453.0,476.0,5.0,2.0,11.7,1.55
459.0,1004.0,423.43,16.59,7.53,0.0,4.66,453.0,476.0,5.0,2.0,11.73,1.56
459.0,1005.0,424.18,16.59,7.53,0.0,4.66,453.0,476.0,5.0,2.0,11.75,1.56
459.0,1006.0,424.93,16.58,7.53,0.0,4.66,453.0,476.0,5.0,2.0,11.78,1.56
459.0,1007.0,425.69,16.58,7.53,0.01,4.66,453.0,476.0,5.0,2.0,11.8,1.57
459.0,1008.0,426.44,16.57,7.53,0.0,4.66,453.0,476.0,5.0,2.0,11.83,1.57
459.0,1009.0,427.19,16.57,7.53,-0.05,4.66,453.0,476.0,5.0,2.0,11.85,1.57
459.0,1010.0,427.95,16.57,7.53,-0.1,4.66,453.0,476.0,5.0,2.0,11.88,1.58
459.0,1011.0,428.7,16.56,7.51,-0.12,4.66,453.0,476.0,5.0,2.0,11.91,1.58
459.0,1012.0,429.45,16.56,7.5,-0.09,4.66,453.0,476.0,5.0,2.0,11.93,1.59
459.0,1013.0,430.2,16.55,7.5,-0.04,4.66,453.0,476.0,5.0,2.0,11.96,1.6
459.0,1014.0,430.95,16.55,7.49,-0.01,4.66,453.0,476.0,5.0,2.0,11.99,1.6
459.0,1015.0,431.7,16.54,7.49,0.0,4.66,453.0,476.0,5.0,2.0,12.02,1.6
459.0,1016.0,432.45,16.54,7.49,0.0,4.66,453.0,476.0,5.0,2.0,12.04,1.61
459.0,1017.0,433.2,16.54,7.49,0.0,4.66,453.0,476.0,5.0,2.0,12.06,1.61
459.0,1018.0,433.95,16.53,7.49,0.0,4.66,453.0,476.0,5.0,2.0,12.09,1.61
459.0,1019.0,434.7,16.53,7.49,0.0,4.66,453.0,476.0,5.0,2.0,12.12,1.62
459.0,1020.0,435.44,16.53,7.49,0.0,4.66,453.0,476.0,5.0,2.0,12.15,1.62
459.0,1021.0,436.19,16.52,7.49,0.0,4.66,453.0,476.0,5.0,2.0,12.18,1.63
459.0,1022.0,436.94,16.52,7.49,0.0,4.66,453.0,476.0,5.0,2.0,12.21,1.63
459.0,1023.0,437.69,16.51,7.49,0.0,4.66,453.0,476.0,5.0,2.0,12.24,1.63
459.0,1024.0,438.44,16.51,7.49,0.0,4.66,453.0,476.0,5.0,2.0,12.27,1.64
459.0,1025.0,439.19,16.51,7.49,0.0,4.66,453.0,476.0,5.0,2.0,12.3,1.64
459.0,1026.0,439.94,16.5,7.49,0.0,4.66,453.0,476.0,5.0,2.0,12.33,1.65
459.0,1027.0,440.69,16.5,7.49,0.0,4.66,453.0,476.0,5.0,2.0,12.36,1.65
459.0,1028.0,441.44,16.5,7.49,0.0,4.66,453.0,476.0,5.0,2.0,12.38,1.65
459.0,1029.0,442.19,16.49,7.48,-0.2,4.66,453.0,476.0,5.0,2.0,12.41,1.66
459.0,1030.0,442.94,16.49,7.45,-0.38,4.66,453.0,476.0,5.0,2.0,12.44,1.67
459.0,1031.0,443.68,16.48,7.43,-0.18,4.66,453.0,476.0,5.0,2.0,12.48,1.68
459.0,1032.0,444.42,16.48,7.43,0.18,4.66,453.0,476.0,5.0,2.0,12.52,1.68
459.0,1033.0,445.16,16.48,7.45,0.38,4.66,453.0,476.0,5.0,2.0,12.56,1.68
459.0,1034.0,445.91,16.48,7.48,0.2,4.66,453.0,476.0,5.0,2.0,12.59,1.68
459.0,1035.0,446.66,16.47,7.49,0.0,4.66,453.0,476.0,5.0,2.0,12.62,1.69
459.0,1036.0,447.41,16.47,7.49,0.0,4.66,453.0,476.0,5.0,2.0,12.65,1.69
459.0,1037.0,448.16,16.47,7.49,0.0,4.66,453.0,476.0,5.0,2.0,12.64,1.69
459.0,1038.0,448.91,16.46,7.49,0.0,4.66,453.0,476.0,5.0,2.0,12.6,1.68
459.0,1039.0,449.66,16.46,7.49,0.0,4.66,453.0,476.0,5.0,2.0,12.53,1.67
459.0,1040.0,450.41,16.46,7.49,0.0,4.66,453.0,476.0,5.0,2.0,12.45,1.66
459.0,1041.0,451.16,16.46,7.49,0.0,4.66,453.0,476.0,5.0,2.0,12.37,1.65
459.0,1042.0,451.9,16.45,7.5,0.11,4.66,453.0,476.0,5.0,2.0,12.29,1.64
459.0,1043.0,452.66,16.45,7.5,0.02,4.66,453.0,476.0,5.0,2.0,12.21,1.63
459.0,1044.0,453.41,16.45,7.44,-1.0,4.66,453.0,476.0,5.0,2.0,12.12,1.63
459.0,1045.0,454.16,16.44,7.25,-2.82,4.66,453.0,476.0,5.0,2.0,12.05,1.66
459.0,1046.0,454.87,16.44,6.89,-3.41,4.66,453.0,476.0,5.0,2.0,12.01,1.74
459.0,1047.0,455.53,16.44,6.4,-3.41,4.66,453.0,476.0,5.0,2.0,12.02,1.88
459.0,1048.0,456.15,16.45,5.91,-3.41,4.66,453.0,476.0,5.0,2.0,12.07,2.04
459.0,1049.0,456.72,16.46,5.55,-2.82,4.66,453.0,476.0,5.0,2.0,12.18,2.19
459.0,1050.0,457.25,16.46,5.36,-1.0,4.66,453.0,476.0,5.0,2.0,12.32,2.3
459.0,1051.0,457.77,16.47,5.29,0.02,4.66,453.0,476.0,5.0,2.0,12.47,2.35
459.0,1052.0,458.3,16.47,5.3,0.12,4.66,453.0,476.0,5.0,2.0,12.61,2.38
459.0,1053.0,458.83,16.48,5.31,0.01,4.66,453.0,476.0,5.0,2.0,12.75,2.4
459.0,1054.0,459.36,16.49,5.31,0.0,4.66,453.0,476.0,5.0,2.0,12.89,2.43
459.0,1055.0,459.89,16.49,5.31,0.0,4.66,453.0,476.0,5.0,2.0,13.04,2.46
459.0,1056.0,460.43,16.5,5.31,0.0,4.66,453.0,476.0,5.0,2.0,13.19,2.49
459.0,1057.0,460.96,16.51,5.3,0.0,4.66,453.0,476.0,5.0,2.0,13.35,2.52
459.0,1058.0,461.49,16.51,5.3,0.0,4.66,453.0,476.0,5.0,2.0,13.5,2.55
459.0,1059.0,462.02,16.52,5.3,0.0,4.66,453.0,476.0,5.0,2.0,13.65,2.57
459.0,1060.0,462.55,16.53,5.3,0.0,4.66,453.0,476.0,5.0,2.0,13.79,2.6
459.0,1061.0,463.08,16.53,5.3,0.0,4.66,453.0,476.0,5.0,2.0,13.94,2.63
459.0,1062.0,463.61,16.54,5.3,0.0,4.66,453.0,476.0,5.0,2.0,14.06,2.65
459.0,1063.0,464.14,16.54,5.3,0.0,4.66,453.0,476.0,5.0,2.0,14.14,2.67
459.0,1064.0,464.67,16.55,5.3,0.0,4.66,453.0,476.0,5.0,2.0,14.19,2.67
459.0,1065.0,465.2,16.56,5.3,0.0,4.66,453.0,476.0,5.0,2.0,14.18,2.67
459.0,1066.0,465.73,16.56,5.3,0.0,4.66,453.0,476.0,5.0,2.0,14.15,2.67
459.0,1067.0,466.26,16.57,5.3,0.0,4.66,453.0,476.0,5.0,2.0,14.13,2.66
459.0,1068.0,466.79,16.58,5.3,0.0,4.66,453.0,476.0,5.0,2.0,14.11,2.66
459.0,1069.0,467.32,16.58,5.3,0.0,4.66,453.0,476.0,5.0,2.0,14.09,2.66
459.0,1070.0,467.85,16.59,5.3,0.0,4.66,453.0,476.0,5.0,2.0,14.07,2.65
459.0,1071.0,468.38,16.6,5.3,0.0,4.66,453.0,476.0,5.0,2.0,14.05,2.65
459.0,1072.0,468.91,16.6,5.31,0.0,4.66,453.0,476.0,5.0,2.0,14.01,2.64
459.0,1073.0,469.44,16.61,5.31,0.0,4.66,453.0,476.0,5.0,2.0,13.95,2.63
459.0,1074.0,469.97,16.61,5.31,0.0,4.66,453.0,476.0,5.0,2.0,13.87,2.61
459.0,1075.0,470.5,16.62,5.31,0.0,4.66,453.0,476.0,5.0,2.0,13.79,2.6
459.0,1076.0,471.04,16.63,5.31,0.0,4.66,453.0,476.0,5.0,2.0,13.71,2.58
459.0,1077.0,471.57,16.63,5.31,0.0,4.66,453.0,476.0,5.0,2.0,13.64,2.57
459.0,1078.0,472.1,16.64,5.3,0.0,4.66,453.0,476.0,5.0,2.0,13.56,2.56
459.0,1079.0,472.62,16.65,5.33,0.37,4.66,453.0,476.0,5.0,2.0,13.49,2.53
459.0,1080.0,473.16,16.65,5.38,0.71,4.66,453.0,476.0,5.0,2.0,13.42,2.49
459.0,1081.0,473.7,16.66,5.42,0.34,4.66,453.0,476.0,5.0,2.0,13.33,2.46
459.0,1082.0,474.25,16.66,5.42,-0.34,4.66,453.0,476.0,5.0,2.0,13.24,2.44
459.0,1083.0,474.79,16.67,5.38,-0.71,4.66,453.0,476.0,5.0,2.0,13.16,2.44
459.0,1084.0,475.32,16.67,5.33,-0.37,4.66,453.0,476.0,5.0,2.0,13.08,2.45
459.0,1085.0,475.85,16.68,5.3,0.0,4.66,453.0,476.0,5.0,2.0,13.01,2.45
459.0,1086.0,476.38,16.68,5.31,0.01,4.66,453.0,476.0,5.0,2.0,12.94,2.44
459.0,1087.0,476.91,16.69,5.32,0.16,4.66,453.0,476.0,5.0,2.0,12.86,2.42
459.0,1088.0,477.45,16.69,5.32,-0.08,4.66,453.0,476.0,5.0,2.0,12.79,2.41
459.0,1089.0,477.99,16.69,5.21,-1.58,4.66,453.0,476.0,5.0,2.0,12.7,2.44
459.0,1090.0,478.51,16.68,4.93,-3.41,4.66,453.0,476.0,5.0,2.0,12.64,2.56
459.0,1091.0,478.97,16.7,4.43,-3.41,4.66,453.0,476.0,5.0,2.0,12.63,2.85
459.0,1092.0,479.38,16.74,3.8,-3.41,4.66,453.0,476.0,5.0,2.0,12.68,3.34
459.0,1093.0,479.74,16.79,3.32,-3.41,4.66,453.0,476.0,5.0,2.0,12.78,3.85
459.0,1094.0,480.03,16.88,3.17,0.61,4.66,453.0,476.0,5.0,2.0,12.94,4.09
459.0,1095.0,480.34,16.93,3.39,3.41,4.66,453.0,476.0,5.0,2.0,13.1,3.86
459.0,1096.0,480.7,16.97,3.86,3.41,4.66,453.0,476.0,5.0,2.0,13.19,3.42
459.0,1097.0,481.11,16.99,4.31,3.41,4.66,453.0,476.0,5.0,2.0,13.25,3.08
459.0,1098.0,481.57,16.99,4.58,1.66,4.66,453.0,476.0,5.0,2.0,13.24,2.89
459.0,1099.0,482.04,16.99,4.69,0.12,4.66,453.0,476.0,5.0,2.0,13.2,2.81
459.0,1100.0,482.52,16.99,4.69,-0.18,4.66,453.0,476.0,5.0,2.0,13.17,2.81
459.0,1101.0,482.98,16.99,4.68,0.0,4.66,453.0,476.0,5.0,2.0,13.14,2.81
459.0,1102.0,483.45,16.99,4.68,0.0,4.66,453.0,476.0,5.0,2.0,13.11,2.8
459.0,1103.0,483.92,16.98,4.68,0.0,4.66,453.0,476.0,5.0,2.0,13.08,2.79
459.0,1104.0,484.39,16.98,4.68,0.0,4.66,453.0,476.0,5.0,2.0,13.04,2.79
459.0,1105.0,484.86,16.98,4.68,0.0,4.66,453.0,476.0,5.0,2.0,13.01,2.78
459.0,1106.0,485.33,16.98,4.68,0.0,4.66,453.0,476.0,5.0,2.0,12.98,2.77
459.0,1107.0,485.79,16.98,4.68,0.0,4.66,453.0,476.0,5.0,2.0,12.95,2.77
459.0,1108.0,486.26,16.98,4.68,0.0,4.66,453.0,476.0,5.0,2.0,12.92,2.76
459.0,1109.0,486.73,16.98,4.68,0.0,4.66,453.0,476.0,5.0,2.0,12.89,2.75
459.0,1110.0,487.2,16.98,4.68,0.0,4.66,453.0,476.0,5.0,2.0,12.86,2.75
459.0,1111.0,487.67,16.98,4.68,0.0,4.66,453.0,476.0,5.0,2.0,12.83,2.74
459.0,1112.0,488.13,16.98,4.68,0.0,4.66,453.0,476.0,5.0,2.0,12.79,2.73
459.0,1113.0,488.6,16.98,4.68,0.0,4.66,453.0,476.0,5.0,2.0,12.76,2.73
459.0,1114.0,489.07,16.98,4.68,0.0,4.66,453.0,476.0,5.0,2.0,12.73,2.72
459.0,1115.0,489.54,16.98,4.68,0.0,4.66,453.0,476.0,5.0,2.0,12.7,2.71
459.0,1116.0,490.01,16.98,4.68,0.0,4.66,453.0,476.0,5.0,2.0,12.67,2.71
459.0,1117.0,490.48,16.98,4.68,0.0,4.66,453.0,476.0,5.0,2.0,12.64,2.7
459.0,1118.0,490.94,16.98,4.68,0.0,4.66,453.0,476.0,5.0,2.0,12.61,2.69
459.0,1119.0,491.41,16.97,4.68,0.0,4.66,453.0,476.0,5.0,2.0,12.57,2.69
459.0,1120.0,491.88,16.97,4.68,0.0,4.66,453.0,476.0,5.0,2.0,12.54,2.68
459.0,1121.0,492.35,16.97,4.68,0.0,4.66,453.0,476.0,5.0,2.0,12.51,2.67
459.0,1122.0,492.82,16.97,4.68,0.0,4.66,453.0,476.0,5.0,2.0,12.47,2.66
459.0,1123.0,493.29,16.97,4.68,0.0,4.66,453.0,476.0,5.0,2.0,12.43,2.65
459.0,1124.0,493.75,16.97,4.68,0.0,4.66,453.0,476.0,5.0,2.0,12.4,2.65
459.0,1125.0,494.22,16.97,4.68,0.0,4.66,453.0,476.0,5.0,2.0,12.37,2.64
459.0,1126.0,494.69,16.97,4.68,0.0,4.66,453.0,476.0,5.0,2.0,12.34,2.63
459.0,1127.0,495.16,16.97,4.68,0.0,4.66,453.0,476.0,5.0,2.0,12.3,2.63
459.0,1128.0,495.63,16.97,4.68,0.0,4.66,453.0,476.0,5.0,2.0,12.27,2.62
459.0,1129.0,496.1,16.97,4.68,0.0,4.66,453.0,476.0,5.0,2.0,12.24,2.61
459.0,1130.0,496.56,16.97,4.68,0.0,4.66,453.0,476.0,5.0,2.0,12.21,2.61
459.0,1131.0,497.03,16.97,4.68,0.0,4.66,453.0,476.0,5.0,2.0,12.18,2.6
459.0,1132.0,497.5,16.97,4.68,0.0,4.66,453.0,476.0,5.0,2.0,12.15,2.59
459.0,1133.0,497.97,16.97,4.68,0.0,4.66,453.0,476.0,5.0,2.0,12.12,2.59
459.0,1134.0,498.44,16.96,4.68,0.0,4.66,453.0,476.0,5.0,2.0,12.09,2.58
459.0,1135.0,498.91,16.96,4.68,0.0,4.66,453.0,476.0,5.0,2.0,12.05,2.57
459.0,1136.0,499.37,16.96,4.68,0.0,4.66,453.0,476.0,5.0,2.0,12.02,2.57
459.0,1137.0,499.84,16.96,4.68,0.0,4.66,453.0,476.0,5.0,2.0,11.99,2.56
459.0,1138.0,500.31,16.96,4.68,0.0,4.66,453.0,476.0,5.0,2.0,11.96,2.55
459.0,1139.0,500.78,16.96,4.68,0.0,4.66,453.0,476.0,5.0,2.0,11.93,2.55
459.0,1140.0,501.25,16.96,4.68,0.0,4.66,453.0,476.0,5.0,2.0,11.9,2.54
459.0,1141.0,501.71,16.96,4.68,0.0,4.66,453.0,476.0,5.0,2.0,11.87,2.53
459.0,1142.0,502.18,16.96,4.68,0.0,4.66,453.0,476.0,5.0,2.0,11.83,2.53
459.0,1143.0,502.65,16.96,4.68,0.0,4.66,453.0,476.0,5.0,2.0,11.8,2.52
459.0,1144.0,503.12,16.96,4.68,0.0,4.66,0.0,476.0,5.0,2.0,0.0,0.0
459.0,1145.0,503.59,16.96,4.68,0.0,4.66,0.0,476.0,5.0,2.0,0.0,0.0
459.0,1146.0,504.06,16.96,4.67,-0.16,4.66,0.0,476.0,5.0,2.0,0.0,0.0
459.0,1147.0,504.52,16.96,4.65,-0.3,4.66,0.0,476.0,5.0,2.0,0.0,0.0
459.0,1148.0,504.99,16.96,4.63,-0.15,4.66,0.0,476.0,5.0,2.0,0.0,0.0
459.0,1149.0,505.45,16.96,4.63,0.14,4.66,0.0,476.0,5.0,2.0,0.0,0.0
459.0,1150.0,505.91,16.96,4.65,0.3,4.66,0.0,476.0,5.0,2.0,0.0,0.0
459.0,1151.0,506.38,16.96,4.67,0.17,4.66,0.0,476.0,5.0,2.0,0.0,0.0
459.0,1152.0,506.85,16.96,4.68,0.0,4.66,0.0,476.0,5.0,2.0,0.0,0.0
459.0,1153.0,507.31,16.96,4.68,0.0,4.66,0.0,476.0,5.0,2.0,0.0,0.0
459.0,1154.0,507.78,16.96,4.68,0.0,4.66,0.0,476.0,5.0,2.0,0.0,0.0
459.0,1155.0,508.25,16.96,4.68,0.0,4.66,0.0,476.0,5.0,2.0,0.0,0.0
459.0,1156.0,508.72,16.95,4.68,0.0,4.66,0.0,476.0,5.0,2.0,0.0,0.0
459.0,1157.0,509.19,16.95,4.68,0.0,4.66,0.0,476.0,5.0,2.0,0.0,0.0
459.0,1158.0,509.66,16.95,4.68,0.0,4.66,0.0,476.0,5.0,2.0,0.0,0.0
459.0,1159.0,510.12,16.95,4.68,0.0,4.66,0.0,476.0,5.0,2.0,0.0,0.0
459.0,1160.0,510.59,16.95,4.68,0.0,4.66,0.0,476.0,5.0,2.0,0.0,0.0
459.0,1161.0,511.06,16.95,4.68,0.0,4.66,0.0,476.0,5.0,2.0,0.0,0.0
459.0,1162.0,511.53,16.95,4.68,0.0,4.66,0.0,476.0,5.0,2.0,0.0,0.0
459.0,1163.0,512.0,16.95,4.68,0.0,4.66,0.0,476.0,5.0,2.0,0.0,0.0
459.0,1164.0,512.47,16.95,4.68,0.0,4.66,0.0,476.0,5.0,2.0,0.0,0.0
493.0,560.0,28.31,15.74,11.21,0.0,6.49,459.0,0.0,5.0,3.0,92.22,8.23
493.0,561.0,29.22,15.74,11.21,0.0,6.49,459.0,0.0,5.0,3.0,92.51,8.25
493.0,562.0,30.29,15.74,11.21,0.0,6.49,459.0,0.0,5.0,3.0,92.69,8.27
493.0,563.0,31.51,15.74,11.21,0.0,6.49,459.0,0.0,5.0,3.0,92.72,8.27
493.0,564.0,32.57,15.73,11.21,0.0,6.49,459.0,0.0,5.0,3.0,92.9,8.29
493.0,565.0,33.63,15.73,11.21,3.41,6.49,459.0,0.0,5.0,3.0,93.06,8.3
493.0,566.0,34.79,15.72,11.77,3.41,6.49,459.0,0.0,5.0,3.0,93.11,7.91
493.0,567.0,36.0,15.7,12.56,3.41,6.49,459.0,0.0,5.0,3.0,93.1,7.41
493.0,568.0,37.29,15.66,13.25,3.41,6.49,459.0,0.0,5.0,3.0,93.03,7.02
493.0,569.0,38.63,15.63,13.73,3.41,6.49,459.0,529.0,5.0,3.0,92.92,6.77
493.0,570.0,40.04,15.61,13.99,1.26,6.49,459.0,529.0,5.0,3.0,92.68,6.62
493.0,571.0,41.45,15.59,14.08,0.25,6.49,459.0,529.0,5.0,3.0,92.39,6.56
493.0,572.0,42.86,15.57,14.09,0.07,6.49,459.0,529.0,5.0,3.0,92.05,6.53
493.0,573.0,44.27,15.55,14.1,0.0,6.49,459.0,529.0,5.0,3.0,91.78,6.51
493.0,574.0,45.68,15.52,14.1,0.0,6.49,459.0,529.0,5.0,3.0,91.58,6.5
493.0,575.0,47.09,15.5,14.1,0.07,6.49,459.0,529.0,5.0,3.0,91.44,6.48
493.0,576.0,48.5,15.48,14.11,0.14,6.49,459.0,529.0,5.0,3.0,91.38,6.48
493.0,577.0,49.91,15.46,14.12,0.06,6.49,459.0,529.0,5.0,3.0,91.28,6.47
493.0,578.0,51.32,15.44,14.12,-0.07,6.49,459.0,529.0,5.0,3.0,91.14,6.46
493.0,579.0,52.74,15.42,14.11,-0.14,6.49,459.0,529.0,5.0,3.0,90.95,6.44
493.0,580.0,54.15,15.4,14.1,-0.07,6.49,459.0,529.0,5.0,3.0,90.79,6.44
493.0,581.0,55.56,15.37,14.1,0.0,6.49,459.0,529.0,5.0,3.0,90.64,6.43
493.0,582.0,56.96,15.35,14.11,0.17,6.49,459.0,529.0,5.0,3.0,90.48,6.41
493.0,583.0,58.38,15.33,14.1,-0.16,6.49,459.0,529.0,5.0,3.0,90.31,6.4
493.0,584.0,59.8,15.31,13.98,-1.84,6.49,459.0,529.0,5.0,3.0,90.14,6.45
493.0,585.0,61.19,15.29,13.67,-3.41,6.49,459.0,529.0,5.0,3.0,89.99,6.58
493.0,586.0,62.53,15.25,13.15,-3.41,6.49,459.0,0.0,5.0,3.0,89.89,6.84
493.0,587.0,63.81,15.22,12.48,-3.41,6.49,459.0,0.0,5.0,3.0,89.85,7.2
493.0,588.0,65.03,15.2,11.83,-3.41,6.49,459.0,0.0,5.0,3.0,89.88,7.6
493.0,589.0,66.19,15.18,11.34,-3.41,6.49,459.0,0.0,5.0,3.0,89.97,7.93
493.0,590.0,67.29,15.18,11.06,-1.44,6.49,459.0,0.0,5.0,3.0,90.11,8.14
493.0,591.0,68.38,15.2,10.97,-0.02,6.49,459.0,0.0,5.0,3.0,90.28,8.23
493.0,592.0,69.48,15.22,10.97,0.12,6.49,459.0,0.0,5.0,3.0,90.43,8.24
493.0,593.0,70.58,15.23,10.98,-0.05,6.49,459.0,0.0,5.0,3.0,90.58,8.25
493.0,594.0,71.68,15.24,10.97,-0.08,6.49,459.0,0.0,5.0,3.0,90.73,8.27
493.0,595.0,72.77,15.26,10.96,-0.12,6.49,459.0,0.0,5.0,3.0,90.89,8.29
493.0,596.0,73.87,15.27,10.98,0.3,6.49,459.0,0.0,5.0,3.0,91.04,8.29
493.0,597.0,74.96,15.28,11.07,1.43,6.49,459.0,0.0,5.0,3.0,91.18,8.23
493.0,598.0,76.06,15.3,11.28,2.8,6.49,459.0,0.0,5.0,3.0,91.29,8.09
493.0,599.0,77.2,15.31,11.58,3.41,6.49,459.0,0.0,5.0,3.0,91.35,7.89
493.0,600.0,78.38,15.31,11.88,2.8,6.49,459.0,0.0,5.0,3.0,91.35,7.69
493.0,601.0,79.59,15.31,12.09,1.43,6.49,459.0,0.0,5.0,3.0,91.32,7.55
493.0,602.0,80.82,15.31,12.19,0.3,6.49,459.0,0.0,5.0,3.0,91.28,7.49
493.0,603.0,82.04,15.31,12.24,0.53,6.49,459.0,0.0,5.0,3.0,91.25,7.45
493.0,604.0,83.26,15.31,12.33,1.2,6.49,459.0,0.0,5.0,3.0,91.23,7.4
493.0,605.0,84.5,15.33,12.4,0.66,6.49,459.0,0.0,5.0,3.0,91.18,7.35
493.0,606.0,85.75,15.36,12.4,-0.54,6.49,459.0,0.0,5.0,3.0,91.13,7.35
493.0,607.0,86.99,15.41,12.34,-1.23,6.49,459.0,0.0,5.0,3.0,91.08,7.38
493.0,608.0,88.22,15.5,12.24,-0.71,6.49,459.0,0.0,5.0,3.0,91.06,7.44
493.0,609.0,89.43,15.55,12.2,0.01,6.49,459.0,0.0,5.0,3.0,91.04,7.46
493.0,610.0,90.65,15.58,12.2,0.02,6.49,459.0,0.0,5.0,3.0,91.01,7.46
493.0,611.0,91.88,15.6,12.17,-0.42,6.49,459.0,0.0,5.0,3.0,90.99,7.47
493.0,612.0,93.1,15.58,12.09,-1.25,6.49,459.0,0.0,5.0,3.0,90.96,7.52
493.0,613.0,94.31,15.57,11.92,-2.1,6.49,459.0,0.0,5.0,3.0,90.96,7.63
493.0,614.0,95.49,15.59,11.69,-2.64,6.49,459.0,0.0,5.0,3.0,90.97,7.78
493.0,615.0,96.65,15.62,11.42,-2.84,6.49,459.0,0.0,5.0,3.0,91.02,7.97
493.0,616.0,97.78,15.67,11.15,-2.69,6.49,459.0,0.0,5.0,3.0,91.07,8.17
493.0,617.0,98.87,15.7,10.98,-1.02,6.49,459.0,0.0,5.0,3.0,91.14,8.3
493.0,618.0,99.94,15.72,11.06,2.25,6.49,459.0,0.0,5.0,3.0,91.2,8.25
493.0,619.0,101.05,15.76,11.37,3.41,6.49,459.0,0.0,5.0,3.0,91.21,8.02
493.0,620.0,102.21,15.81,11.74,3.41,6.49,459.0,0.0,5.0,3.0,91.2,7.77
493.0,621.0,103.41,15.85,11.98,0.96,6.49,459.0,0.0,5.0,3.0,91.14,7.61
493.0,622.0,104.63,15.87,12.04,-0.42,6.49,459.0,0.0,5.0,3.0,91.08,7.56
493.0,623.0,105.82,15.86,12.07,0.75,6.49,459.0,0.0,5.0,3.0,91.03,7.54
493.0,624.0,107.02,15.86,12.2,2.05,6.49,459.0,0.0,5.0,3.0,90.96,7.46
493.0,625.0,108.25,15.86,12.38,1.92,6.49,459.0,0.0,5.0,3.0,90.88,7.34
493.0,626.0,109.51,15.86,12.52,0.76,6.49,459.0,0.0,5.0,3.0,90.77,7.25
493.0,627.0,110.77,15.88,12.52,-0.72,6.49,459.0,0.0,5.0,3.0,90.64,7.24
493.0,628.0,112.03,15.92,12.38,-1.91,6.49,459.0,0.0,5.0,3.0,90.53,7.31
493.0,629.0,113.26,15.98,12.2,-2.2,6.49,459.0,0.0,5.0,3.0,90.44,7.42
493.0,630.0,114.46,16.02,12.05,-0.94,6.49,459.0,0.0,5.0,3.0,90.39,7.5
493.0,631.0,115.65,16.04,12.08,1.48,6.49,459.0,0.0,5.0,3.0,90.34,7.48
493.0,632.0,116.85,16.04,12.3,3.1,6.49,459.0,0.0,5.0,3.0,90.28,7.34
493.0,633.0,118.1,16.04,12.56,2.64,6.49,459.0,539.0,5.0,3.0,90.17,7.18
493.0,634.0,119.38,16.04,12.73,0.94,6.49,459.0,539.0,5.0,3.0,90.02,7.07
493.0,635.0,120.66,16.04,12.83,0.47,6.49,459.0,539.0,5.0,3.0,89.88,7.0
493.0,636.0,121.94,16.05,12.91,1.0,6.49,459.0,539.0,5.0,3.0,89.73,6.95
493.0,637.0,123.24,16.06,12.96,0.62,6.49,459.0,539.0,5.0,3.0,89.58,6.91
493.0,638.0,124.54,16.03,12.99,-0.23,6.49,459.0,539.0,5.0,3.0,89.42,6.89
493.0,639.0,125.85,16.0,12.99,-0.27,6.49,459.0,539.0,5.0,3.0,89.26,6.87
493.0,640.0,127.14,15.93,12.99,0.44,6.49,459.0,539.0,5.0,3.0,89.11,6.86
493.0,641.0,128.44,15.9,12.98,-0.02,6.49,459.0,539.0,5.0,3.0,88.95,6.85
493.0,642.0,129.75,15.87,12.93,-1.26,6.49,459.0,539.0,5.0,3.0,88.79,6.87
493.0,643.0,131.05,15.87,12.66,-3.41,6.49,459.0,539.0,5.0,3.0,88.63,7.0
493.0,644.0,132.28,15.87,12.19,-3.41,6.49,459.0,539.0,5.0,3.0,88.53,7.26
493.0,645.0,133.48,15.86,11.89,-2.28,6.49,459.0,539.0,5.0,3.0,88.47,7.44
493.0,646.0,134.63,15.86,11.9,2.41,6.49,459.0,539.0,5.0,3.0,88.46,7.44
493.0,647.0,135.84,15.89,12.34,3.41,6.49,459.0,539.0,5.0,3.0,88.39,7.16
493.0,648.0,137.12,15.91,13.12,3.41,6.49,459.0,539.0,5.0,3.0,88.26,6.73
493.0,649.0,138.45,15.93,13.54,2.05,6.49,459.0,539.0,5.0,3.0,88.08,6.51
493.0,650.0,139.85,15.94,13.45,-3.41,6.49,459.0,547.0,5.0,3.0,87.81,6.53
493.0,651.0,141.16,15.93,13.02,-3.41,6.49,459.0,547.0,5.0,3.0,87.56,6.72
493.0,652.0,142.45,15.93,12.48,-3.41,6.49,459.0,547.0,5.0,3.0,87.29,7.0
493.0,653.0,143.66,15.93,12.21,-0.47,6.49,459.0,547.0,5.0,3.0,87.05,7.13
493.0,654.0,144.87,15.93,12.18,0.07,6.49,459.0,547.0,5.0,3.0,86.76,7.12
493.0,655.0,146.09,15.93,12.19,0.08,6.49,459.0,547.0,5.0,3.0,86.45,7.09
493.0,656.0,147.31,15.92,12.19,-0.01,6.49,459.0,547.0,5.0,3.0,86.13,7.06
493.0,657.0,148.53,15.92,12.18,-0.24,6.49,459.0,547.0,5.0,3.0,85.83,7.05
493.0,658.0,149.75,15.92,12.14,-0.44,6.49,459.0,547.0,5.0,3.0,85.53,7.04
493.0,659.0,150.96,15.92,12.12,-0.2,6.49,459.0,547.0,5.0,3.0,85.23,7.03
493.0,660.0,152.17,15.91,12.12,0.22,6.49,459.0,547.0,5.0,3.0,84.94,7.01
493.0,661.0,153.38,15.91,12.14,0.44,6.49,459.0,547.0,5.0,3.0,84.65,6.97
493.0,662.0,154.6,15.91,12.18,0.23,6.49,459.0,547.0,5.0,3.0,84.34,6.93
493.0,663.0,155.82,15.91,12.19,0.0,6.49,459.0,547.0,5.0,3.0,84.02,6.89
493.0,664.0,157.03,15.91,12.19,0.0,6.49,459.0,547.0,5.0,3.0,83.66,6.86
493.0,665.0,158.25,15.91,12.2,0.09,6.49,459.0,547.0,5.0,3.0,83.29,6.83
493.0,666.0,159.47,15.91,12.21,0.12,6.49,459.0,547.0,5.0,3.0,82.92,6.79
493.0,667.0,160.7,15.91,12.18,-0.51,6.49,459.0,547.0,5.0,3.0,82.56,6.78
493.0,668.0,161.92,15.91,12.05,-1.87,6.49,459.0,547.0,5.0,3.0,82.16,6.82
493.0,669.0,163.13,15.91,11.79,-3.38,6.49,459.0,547.0,5.0,3.0,81.75,6.93
493.0,670.0,164.29,15.91,11.43,-3.41,6.49,459.0,547.0,5.0,3.0,81.35,7.12
493.0,671.0,165.41,15.91,11.07,-3.39,6.49,459.0,547.0,5.0,3.0,80.97,7.32
493.0,672.0,166.49,15.91,10.81,-1.87,6.49,459.0,547.0,5.0,3.0,80.67,7.46
493.0,673.0,167.56,15.91,10.66,-0.87,6.49,459.0,547.0,5.0,3.0,80.43,7.55
493.0,674.0,168.62,15.91,10.58,-0.56,6.49,459.0,547.0,5.0,3.0,80.24,7.58
493.0,675.0,169.67,15.91,10.55,-0.25,6.49,459.0,547.0,5.0,3.0,80.08,7.59
493.0,676.0,170.72,15.91,10.56,0.32,6.49,459.0,547.0,5.0,3.0,79.94,7.57
493.0,677.0,171.78,15.91,10.59,0.67,6.49,459.0,547.0,5.0,3.0,79.8,7.53
493.0,678.0,172.84,15.92,10.65,0.36,6.49,459.0,547.0,5.0,3.0,79.65,7.48
493.0,679.0,173.91,15.92,10.67,0.0,6.49,459.0,547.0,5.0,3.0,79.49,7.45
493.0,680.0,174.98,15.92,10.67,0.0,6.49,459.0,547.0,5.0,3.0,79.31,7.43
493.0,681.0,176.04,15.93,10.67,0.0,6.49,459.0,547.0,5.0,3.0,79.14,7.42
493.0,682.0,177.11,15.93,10.67,0.0,6.49,459.0,547.0,5.0,3.0,78.98,7.4
493.0,683.0,178.18,15.93,10.67,0.0,6.49,459.0,509.0,5.0,3.0,78.83,7.39
493.0,684.0,179.24,15.93,10.67,0.0,6.49,459.0,509.0,5.0,3.0,78.68,7.38
493.0,685.0,180.31,15.94,10.67,0.0,6.49,459.0,509.0,5.0,3.0,78.53,7.36
493.0,686.0,181.38,15.94,10.67,0.0,6.49,459.0,509.0,5.0,3.0,78.38,7.35
493.0,687.0,182.44,15.94,10.67,0.06,6.49,459.0,509.0,5.0,3.0,78.23,7.33
493.0,688.0,183.51,15.94,10.68,0.12,6.49,459.0,509.0,5.0,3.0,78.08,7.31
493.0,689.0,184.58,15.95,10.69,0.06,6.49,459.0,509.0,5.0,3.0,77.92,7.29
493.0,690.0,185.65,15.95,10.68,-0.12,6.49,459.0,509.0,5.0,3.0,77.78,7.28
493.0,691.0,186.72,15.95,10.66,-0.31,6.49,459.0,509.0,5.0,3.0,77.67,7.28
493.0,692.0,187.78,15.95,10.63,-0.32,6.49,459.0,509.0,5.0,3.0,77.6,7.3
493.0,693.0,188.84,15.97,10.61,-0.13,6.49,459.0,509.0,5.0,3.0,77.54,7.31
493.0,694.0,189.9,15.99,10.61,0.12,6.49,476.0,509.0,5.0,3.0,34.13,3.22
493.0,695.0,190.96,16.01,10.63,0.27,6.49,476.0,509.0,5.0,3.0,34.0,3.2
493.0,696.0,192.03,16.01,10.66,0.34,6.49,476.0,509.0,5.0,3.0,33.87,3.18
493.0,697.0,193.1,16.01,10.69,0.31,6.49,476.0,509.0,5.0,3.0,33.73,3.15
493.0,698.0,194.17,16.01,10.71,0.11,6.49,476.0,509.0,5.0,3.0,33.59,3.14
493.0,699.0,195.24,16.02,10.71,-0.12,6.49,476.0,509.0,5.0,3.0,33.45,3.12
493.0,700.0,196.31,16.02,10.7,-0.24,6.49,476.0,509.0,5.0,3.0,33.29,3.11
493.0,701.0,197.38,16.02,10.68,-0.13,6.49,476.0,509.0,5.0,3.0,33.11,3.1
493.0,702.0,198.45,16.02,10.67,0.0,6.49,476.0,509.0,5.0,3.0,32.93,3.09
493.0,703.0,199.51,16.02,10.67,0.0,6.49,476.0,509.0,5.0,3.0,32.75,3.07
493.0,704.0,200.58,16.02,10.67,0.0,6.49,476.0,509.0,5.0,3.0,32.55,3.05
493.0,705.0,201.65,16.02,10.67,0.0,6.49,476.0,509.0,5.0,3.0,32.35,3.03
493.0,706.0,202.71,16.02,10.67,0.0,6.49,476.0,509.0,5.0,3.0,32.14,3.01
493.0,707.0,203.78,16.02,10.67,0.0,6.49,476.0,509.0,5.0,3.0,31.94,2.99
493.0,708.0,204.85,16.02,10.67,0.0,6.49,476.0,509.0,5.0,3.0,31.73,2.97
493.0,709.0,205.91,16.02,10.66,-0.17,6.49,476.0,509.0,5.0,3.0,31.53,2.96
493.0,710.0,206.98,16.02,10.63,-0.32,6.49,476.0,509.0,5.0,3.0,31.33,2.95
493.0,711.0,208.04,16.02,10.6,-0.37,6.49,476.0,509.0,5.0,3.0,31.13,2.94
493.0,712.0,209.1,16.03,10.54,-0.77,6.49,476.0,509.0,5.0,3.0,30.93,2.93
493.0,713.0,210.16,16.03,10.42,-1.57,6.49,476.0,509.0,5.0,3.0,30.74,2.95
493.0,714.0,211.2,16.02,10.24,-2.23,6.49,476.0,509.0,5.0,3.0,30.57,2.99
493.0,715.0,212.21,16.0,10.04,-1.96,6.49,476.0,509.0,5.0,3.0,30.42,3.03
493.0,716.0,213.2,15.97,9.89,-0.96,6.49,476.0,509.0,5.0,3.0,30.29,3.06
493.0,717.0,214.17,15.94,9.83,-0.19,6.49,476.0,509.0,5.0,3.0,30.18,3.07
493.0,718.0,215.15,15.92,9.82,0.08,6.49,476.0,509.0,5.0,3.0,30.06,3.06
493.0,719.0,216.14,15.89,9.82,0.05,6.49,476.0,509.0,5.0,3.0,29.93,3.05
493.0,720.0,217.12,15.86,9.83,0.0,6.49,476.0,509.0,5.0,3.0,29.79,3.03
493.0,721.0,218.1,15.83,9.83,0.02,6.49,476.0,490.0,5.0,3.0,29.65,3.02
493.0,722.0,219.08,15.8,9.83,0.01,6.49,476.0,490.0,5.0,3.0,29.53,3.01
493.0,723.0,220.07,15.77,9.82,-0.07,6.49,476.0,490.0,5.0,3.0,29.41,2.99
493.0,724.0,221.05,15.74,9.81,-0.2,6.49,476.0,490.0,5.0,3.0,29.29,2.99
493.0,725.0,222.03,15.71,9.79,-0.26,6.49,476.0,490.0,5.0,3.0,29.18,2.98
493.0,726.0,223.01,15.67,9.77,-0.13,6.49,476.0,490.0,5.0,3.0,29.07,2.97
493.0,727.0,223.98,15.63,9.77,0.12,6.49,476.0,490.0,5.0,3.0,28.95,2.96
493.0,728.0,224.96,15.6,9.79,0.26,6.49,476.0,490.0,5.0,3.0,28.84,2.95
493.0,729.0,225.94,15.57,9.81,0.27,6.49,476.0,490.0,5.0,3.0,28.73,2.93
493.0,730.0,226.93,15.54,9.8,-0.41,6.49,476.0,490.0,5.0,3.0,28.6,2.92
493.0,731.0,227.91,15.51,9.7,-1.49,6.49,476.0,490.0,5.0,3.0,28.47,2.94
493.0,732.0,228.88,15.48,9.53,-2.08,6.49,476.0,490.0,5.0,3.0,28.36,2.98
493.0,733.0,229.82,15.45,9.31,-2.4,6.49,476.0,490.0,5.0,3.0,28.29,3.04
493.0,734.0,230.74,15.45,9.06,-2.5,6.49,476.0,490.0,5.0,3.0,28.26,3.12
493.0,735.0,231.63,15.46,8.83,-2.35,6.49,476.0,490.0,5.0,3.0,28.27,3.2
493.0,736.0,232.5,15.48,8.64,-1.53,6.49,476.0,490.0,5.0,3.0,28.32,3.28
493.0,737.0,233.35,15.51,8.54,-0.34,6.49,476.0,490.0,5.0,3.0,28.39,3.32
493.0,738.0,234.2,15.54,8.52,0.12,6.49,476.0,490.0,5.0,3.0,28.47,3.34
493.0,739.0,235.05,15.57,8.53,0.05,6.49,476.0,490.0,5.0,3.0,28.58,3.35
493.0,740.0,235.91,15.6,8.53,-0.02,6.49,476.0,490.0,5.0,3.0,28.72,3.37
493.0,741.0,236.76,15.63,8.53,0.05,6.49,476.0,490.0,5.0,3.0,28.9,3.39
493.0,742.0,237.61,15.66,8.55,0.26,6.49,476.0,490.0,5.0,3.0,29.09,3.4
493.0,743.0,238.46,15.69,8.59,0.53,6.49,476.0,490.0,5.0,3.0,29.28,3.41
493.0,744.0,239.33,15.7,8.65,0.66,6.49,476.0,490.0,5.0,3.0,29.45,3.4
493.0,745.0,240.19,15.71,8.71,0.53,6.49,476.0,490.0,5.0,3.0,29.61,3.4
493.0,746.0,241.07,15.7,8.74,0.26,6.49,476.0,490.0,5.0,3.0,29.76,3.4
493.0,747.0,241.95,15.69,8.76,0.05,6.49,476.0,490.0,5.0,3.0,29.92,3.41
493.0,748.0,242.82,15.68,8.77,-0.02,6.49,476.0,490.0,5.0,3.0,30.09,3.43
493.0,749.0,243.7,15.67,8.76,-0.01,6.49,476.0,490.0,5.0,3.0,30.28,3.46
493.0,750.0,244.58,15.66,8.74,-0.43,6.49,476.0,490.0,5.0,3.0,30.47,3.49
493.0,751.0,245.45,15.65,8.67,-0.8,6.49,476.0,490.0,5.0,3.0,30.62,3.53
493.0,752.0,246.31,15.64,8.63,-0.38,6.49,476.0,490.0,5.0,3.0,30.77,3.57
493.0,753.0,247.17,15.63,8.63,0.39,6.49,476.0,490.0,5.0,3.0,30.93,3.58
493.0,754.0,248.03,15.62,8.67,0.8,6.49,476.0,490.0,5.0,3.0,31.14,3.59
493.0,755.0,248.91,15.62,8.74,0.43,6.49,476.0,490.0,5.0,3.0,31.34,3.59
493.0,756.0,249.79,15.61,8.76,0.0,6.49,476.0,490.0,5.0,3.0,31.52,3.6
493.0,757.0,250.66,15.6,8.76,0.0,6.49,476.0,490.0,5.0,3.0,31.67,3.61
493.0,758.0,251.54,15.6,8.76,0.0,6.49,476.0,490.0,5.0,3.0,31.8,3.63
493.0,759.0,252.41,15.59,8.77,0.03,6.49,476.0,490.0,5.0,3.0,31.9,3.64
493.0,760.0,253.29,15.58,8.77,0.06,6.49,476.0,490.0,5.0,3.0,31.97,3.65
493.0,761.0,254.17,15.58,8.76,-0.18,6.49,476.0,490.0,5.0,3.0,32.02,3.66
493.0,762.0,255.05,15.57,8.7,-0.88,6.49,476.0,490.0,5.0,3.0,32.05,3.68
493.0,763.0,255.92,15.57,8.57,-1.76,6.49,476.0,490.0,5.0,3.0,32.09,3.74
493.0,764.0,256.77,15.58,8.38,-2.19,6.49,476.0,490.0,5.0,3.0,32.15,3.84
493.0,765.0,257.6,15.61,8.19,-1.76,6.49,476.0,490.0,5.0,3.0,32.24,3.94
493.0,766.0,258.4,15.65,8.06,-0.88,6.49,476.0,509.0,5.0,3.0,32.35,4.01
493.0,767.0,259.2,15.7,8.0,-0.18,6.49,476.0,509.0,5.0,3.0,32.47,4.06
493.0,768.0,260.0,15.74,7.99,0.07,6.49,476.0,509.0,5.0,3.0,32.59,4.08
493.0,769.0,260.8,15.79,7.95,-0.78,6.49,476.0,509.0,5.0,3.0,32.7,4.12
493.0,770.0,261.6,15.84,7.83,-1.53,6.49,476.0,509.0,5.0,3.0,32.83,4.19
493.0,771.0,262.37,15.88,7.75,-0.74,6.49,476.0,509.0,5.0,3.0,32.95,4.25
493.0,772.0,263.13,15.93,7.75,0.72,6.49,476.0,509.0,5.0,3.0,33.05,4.27
493.0,773.0,263.9,15.98,7.83,1.53,6.49,476.0,509.0,5.0,3.0,33.1,4.23
493.0,774.0,264.7,16.03,7.95,0.82,6.49,476.0,509.0,5.0,3.0,33.08,4.16
493.0,775.0,265.5,16.09,8.0,0.0,6.49,476.0,509.0,5.0,3.0,33.03,4.13
493.0,776.0,266.3,16.14,8.0,0.02,6.49,476.0,509.0,5.0,3.0,32.97,4.12
493.0,777.0,267.1,16.19,8.0,0.02,6.49,476.0,509.0,5.0,3.0,32.92,4.11
493.0,778.0,267.9,16.24,7.99,-0.13,6.49,476.0,509.0,5.0,3.0,32.87,4.11
493.0,779.0,268.7,16.29,7.98,-0.23,6.49,476.0,509.0,5.0,3.0,32.84,4.12
493.0,780.0,269.5,16.34,7.94,-0.51,6.49,476.0,509.0,5.0,3.0,32.8,4.13
493.0,781.0,270.3,16.38,7.82,-1.59,6.49,476.0,509.0,5.0,3.0,32.77,4.19
493.0,782.0,271.08,16.42,7.57,-3.23,6.49,476.0,509.0,5.0,3.0,32.74,4.32
493.0,783.0,271.82,16.42,7.17,-3.41,6.49,476.0,509.0,5.0,3.0,32.78,4.57
493.0,784.0,272.51,16.38,6.7,-3.41,6.49,476.0,509.0,5.0,3.0,32.85,4.9
493.0,785.0,273.16,16.31,6.37,-2.21,6.49,476.0,509.0,5.0,3.0,32.95,5.17
493.0,786.0,273.76,16.17,6.34,1.5,6.49,476.0,509.0,5.0,3.0,33.05,5.21
493.0,787.0,274.39,16.08,6.6,3.41,6.49,476.0,509.0,5.0,3.0,33.09,5.01
493.0,788.0,275.07,16.02,6.94,3.19,6.49,476.0,509.0,5.0,3.0,33.03,4.76
493.0,789.0,275.8,15.98,7.11,0.39,6.49,476.0,509.0,5.0,3.0,32.91,4.63
493.0,790.0,276.51,15.99,7.18,-0.08,6.49,476.0,509.0,5.0,3.0,32.8,4.57
493.0,791.0,277.23,15.98,7.25,1.13,6.49,476.0,509.0,5.0,3.0,32.7,4.51
493.0,792.0,277.95,15.98,7.37,2.23,6.49,476.0,509.0,5.0,3.0,32.58,4.42
493.0,793.0,278.7,15.99,7.54,1.25,6.49,476.0,509.0,5.0,3.0,32.44,4.3
493.0,794.0,279.47,15.99,7.62,0.0,6.49,476.0,509.0,5.0,3.0,32.28,4.24
493.0,795.0,280.23,15.99,7.62,0.0,6.49,476.0,509.0,5.0,3.0,32.13,4.22
493.0,796.0,280.99,15.99,7.62,0.0,6.49,476.0,509.0,5.0,3.0,31.98,4.2
493.0,797.0,281.76,15.99,7.62,0.0,6.49,476.0,509.0,5.0,3.0,31.82,4.18
493.0,798.0,282.52,15.99,7.62,0.0,6.49,476.0,509.0,5.0,3.0,31.67,4.16
493.0,799.0,283.28,15.99,7.62,0.0,6.49,476.0,509.0,5.0,3.0,31.52,4.14
493.0,800.0,284.04,15.99,7.62,0.0,6.49,476.0,509.0,5.0,3.0,31.37,4.12
493.0,801.0,284.8,15.99,7.62,0.0,6.49,476.0,509.0,5.0,3.0,31.22,4.1
493.0,802.0,285.57,15.99,7.62,0.0,6.49,476.0,509.0,5.0,3.0,31.07,4.08
493.0,803.0,286.33,15.99,7.62,0.0,6.49,476.0,509.0,5.0,3.0,30.9,4.05
493.0,804.0,287.09,15.99,7.62,0.0,6.49,476.0,509.0,5.0,3.0,30.7,4.03
493.0,805.0,287.85,15.99,7.62,0.0,6.49,476.0,509.0,5.0,3.0,30.47,4.0
493.0,806.0,288.61,16.0,7.62,0.0,6.49,476.0,509.0,5.0,3.0,30.21,3.97
493.0,807.0,289.38,16.0,7.62,0.0,6.49,476.0,509.0,5.0,3.0,29.93,3.93
493.0,808.0,290.14,16.0,7.62,0.0,6.49,476.0,509.0,5.0,3.0,29.62,3.89
493.0,809.0,290.9,16.0,7.63,0.08,6.49,476.0,509.0,5.0,3.0,29.31,3.84
493.0,810.0,291.66,16.0,7.63,0.07,6.49,476.0,509.0,5.0,3.0,29.0,3.8
493.0,811.0,292.43,16.0,7.6,-0.47,6.49,476.0,509.0,5.0,3.0,28.69,3.77
493.0,812.0,293.19,16.0,7.5,-1.41,6.49,476.0,509.0,5.0,3.0,28.39,3.78
493.0,813.0,293.94,16.0,7.35,-1.82,6.49,476.0,509.0,5.0,3.0,28.1,3.82
493.0,814.0,294.66,16.0,7.24,-0.87,6.49,476.0,509.0,5.0,3.0,27.83,3.85
493.0,815.0,295.37,16.0,7.24,0.95,6.49,476.0,509.0,5.0,3.0,27.58,3.81
493.0,816.0,296.09,16.0,7.37,1.91,6.49,476.0,509.0,5.0,3.0,27.32,3.71
493.0,817.0,296.84,16.0,7.47,0.67,6.49,476.0,509.0,5.0,3.0,27.03,3.62
493.0,818.0,297.6,16.01,7.49,-0.61,6.49,476.0,509.0,5.0,3.0,26.72,3.57
493.0,819.0,298.34,16.01,7.52,0.37,6.49,476.0,509.0,5.0,3.0,26.4,3.51
493.0,820.0,299.08,15.99,7.68,2.94,6.49,476.0,509.0,5.0,3.0,26.05,3.39
493.0,821.0,299.86,15.96,7.97,3.41,6.49,476.0,509.0,5.0,3.0,25.64,3.22
493.0,822.0,300.69,15.91,8.16,0.57,6.49,476.0,509.0,5.0,3.0,25.15,3.08
493.0,823.0,301.53,15.85,7.98,-3.41,6.49,476.0,509.0,5.0,3.0,24.62,3.09
493.0,824.0,302.3,15.8,7.46,-3.41,6.49,476.0,509.0,5.0,3.0,24.16,3.24
493.0,825.0,303.01,15.78,6.83,-3.41,6.49,476.0,509.0,5.0,3.0,23.74,3.47
493.0,826.0,303.68,15.78,6.37,-3.28,6.49,476.0,509.0,5.0,3.0,23.38,3.67
493.0,827.0,304.28,15.78,6.14,-0.83,6.49,476.0,509.0,5.0,3.0,23.09,3.76
493.0,828.0,304.89,15.78,6.09,0.09,6.49,476.0,509.0,5.0,3.0,22.79,3.74
493.0,829.0,305.5,15.78,6.1,0.0,6.49,476.0,509.0,5.0,3.0,22.48,3.69
493.0,830.0,306.1,15.78,6.1,0.08,6.49,476.0,509.0,5.0,3.0,22.18,3.64
493.0,831.0,306.71,15.78,6.11,0.12,6.49,476.0,509.0,5.0,3.0,21.88,3.58
493.0,832.0,307.33,15.78,6.08,-0.5,6.49,476.0,509.0,5.0,3.0,21.56,3.55
493.0,833.0,307.94,15.79,5.95,-1.88,6.49,476.0,509.0,5.0,3.0,21.2,3.56
493.0,834.0,308.54,15.79,5.7,-3.39,6.49,476.0,509.0,5.0,3.0,20.82,3.65
493.0,835.0,309.09,15.78,5.33,-3.41,6.49,476.0,509.0,5.0,3.0,20.44,3.83
493.0,836.0,309.61,15.79,4.97,-3.38,6.49,476.0,509.0,5.0,3.0,20.09,4.04
493.0,837.0,310.08,15.79,4.72,-1.87,6.49,476.0,509.0,5.0,3.0,19.78,4.19
493.0,838.0,310.53,15.79,4.59,-0.51,6.49,476.0,509.0,5.0,3.0,19.49,4.25
493.0,839.0,310.98,15.79,4.56,0.12,6.49,476.0,509.0,5.0,3.0,19.2,4.21
493.0,840.0,311.44,15.79,4.57,0.08,6.49,476.0,509.0,5.0,3.0,18.9,4.14
493.0,841.0,311.9,15.79,4.57,0.0,6.49,476.0,509.0,5.0,3.0,18.61,4.07
493.0,842.0,312.35,15.79,4.57,0.0,6.49,476.0,509.0,5.0,3.0,18.32,4.01
493.0,843.0,312.81,15.79,4.57,0.0,6.49,476.0,509.0,5.0,3.0,18.02,3.94
493.0,844.0,313.27,15.79,4.57,0.0,6.49,476.0,509.0,5.0,3.0,17.73,3.88
493.0,845.0,313.73,15.79,4.57,0.0,6.49,476.0,509.0,5.0,3.0,17.44,3.81
493.0,846.0,314.18,15.79,4.57,0.0,6.49,476.0,509.0,5.0,3.0,17.14,3.75
493.0,847.0,314.64,15.79,4.58,0.07,6.49,476.0,509.0,5.0,3.0,16.85,3.68
493.0,848.0,315.1,15.79,4.58,0.07,6.49,476.0,509.0,5.0,3.0,16.56,3.61
493.0,849.0,315.56,15.79,4.56,-0.39,6.49,476.0,509.0,5.0,3.0,16.26,3.57
493.0,850.0,316.02,15.79,4.47,-1.26,6.49,476.0,509.0,5.0,3.0,15.96,3.57
493.0,851.0,316.47,15.79,4.26,-2.84,6.49,476.0,509.0,5.0,3.0,15.68,3.68
493.0,852.0,316.88,15.79,3.93,-3.41,6.49,476.0,509.0,5.0,3.0,15.43,3.92
493.0,853.0,317.26,15.79,3.6,-3.31,6.49,476.0,509.0,5.0,3.0,15.21,4.23
493.0,854.0,317.6,15.8,3.33,-1.99,6.49,476.0,509.0,5.0,3.0,15.04,4.51
493.0,855.0,317.91,15.8,3.17,-0.85,6.49,476.0,509.0,5.0,3.0,14.89,4.7
493.0,856.0,318.22,15.8,3.1,-0.58,6.49,476.0,509.0,5.0,3.0,14.75,4.75
493.0,857.0,318.53,15.8,3.06,-0.4,6.49,476.0,509.0,5.0,3.0,14.61,4.77
493.0,858.0,318.83,15.8,3.04,0.07,6.49,476.0,509.0,5.0,3.0,14.47,4.77
493.0,859.0,319.13,15.81,3.04,0.09,6.49,476.0,509.0,5.0,3.0,14.32,4.71
493.0,860.0,319.44,15.81,3.04,-0.15,6.49,476.0,509.0,5.0,3.0,14.12,4.65
493.0,861.0,319.74,15.81,3.04,0.0,6.49,476.0,509.0,5.0,3.0,13.9,4.58
493.0,862.0,320.04,15.81,3.1,1.07,6.49,476.0,509.0,5.0,3.0,13.66,4.4
493.0,863.0,320.34,15.81,3.29,2.69,6.49,476.0,509.0,5.0,3.0,13.44,4.08
493.0,864.0,320.68,15.82,3.57,3.24,6.49,476.0,509.0,5.0,3.0,13.21,3.7
493.0,865.0,321.06,15.82,3.78,1.48,6.49,476.0,509.0,5.0,3.0,12.95,3.43
493.0,866.0,321.47,15.82,3.78,-1.48,6.49,476.0,509.0,5.0,3.0,12.68,3.35
493.0,867.0,321.85,15.82,3.57,-3.24,6.49,476.0,509.0,5.0,3.0,12.42,3.48
493.0,868.0,322.19,15.82,3.3,-2.61,6.49,476.0,509.0,5.0,3.0,12.21,3.7
493.0,869.0,322.5,15.83,3.11,-1.01,6.49,476.0,509.0,5.0,3.0,12.03,3.87
493.0,870.0,322.8,15.83,3.02,-0.48,6.49,476.0,509.0,5.0,3.0,11.85,3.93
493.0,871.0,323.1,15.83,2.92,-1.26,6.49,476.0,509.0,5.0,3.0,11.68,3.99
493.0,872.0,323.39,15.83,2.78,-1.82,6.49,476.0,509.0,5.0,3.0,11.51,4.14
493.0,873.0,323.66,15.83,2.66,-0.87,6.49,476.0,509.0,5.0,3.0,11.37,4.27
493.0,874.0,323.91,15.83,2.66,0.87,6.49,476.0,509.0,5.0,3.0,11.25,4.22
493.0,875.0,324.17,15.84,2.78,1.82,6.49,476.0,509.0,5.0,3.0,11.11,3.99
493.0,876.0,324.46,15.84,2.93,1.41,6.49,476.0,509.0,5.0,3.0,10.95,3.73
493.0,877.0,324.77,15.84,3.03,0.47,6.49,476.0,509.0,5.0,3.0,10.77,3.55
493.0,878.0,325.08,15.84,3.06,-0.07,6.49,476.0,509.0,5.0,3.0,10.58,3.46
493.0,879.0,325.38,15.84,3.06,0.0,6.49,476.0,509.0,5.0,3.0,10.4,3.4
493.0,880.0,325.69,15.85,3.06,0.12,6.49,476.0,509.0,5.0,3.0,10.22,3.34
493.0,881.0,326.0,15.85,3.03,-0.51,6.49,476.0,509.0,5.0,3.0,10.04,3.31
493.0,882.0,326.31,15.85,2.9,-1.87,6.49,476.0,509.0,5.0,3.0,9.85,3.39
493.0,883.0,326.6,15.85,2.65,-3.38,6.49,476.0,509.0,5.0,3.0,9.69,3.66
493.0,884.0,326.84,15.85,2.29,-3.41,6.49,476.0,509.0,5.0,3.0,9.57,4.19
493.0,885.0,327.05,15.85,1.92,-3.38,6.49,476.0,509.0,5.0,3.0,9.48,4.93
493.0,886.0,327.22,15.86,1.67,-1.87,6.49,476.0,509.0,5.0,3.0,9.44,5.66
493.0,887.0,327.37,15.86,1.53,-0.59,6.49,476.0,509.0,5.0,3.0,9.42,6.14
493.0,888.0,327.51,15.86,1.5,0.0,6.49,476.0,509.0,5.0,3.0,9.4,6.28
493.0,889.0,327.66,15.86,1.53,0.58,6.49,476.0,509.0,5.0,3.0,9.38,6.12
493.0,890.0,327.81,15.86,1.67,1.89,6.49,476.0,509.0,5.0,3.0,9.36,5.61
493.0,891.0,327.97,15.86,1.93,3.41,6.49,476.0,509.0,5.0,3.0,9.32,4.83
493.0,892.0,328.19,15.86,2.28,3.41,6.49,476.0,509.0,5.0,3.0,9.23,4.05
493.0,893.0,328.44,15.86,2.57,2.31,6.49,476.0,509.0,5.0,3.0,9.1,3.54
493.0,894.0,328.72,15.87,2.66,-0.4,6.49,476.0,509.0,5.0,3.0,8.95,3.36
493.0,895.0,329.0,15.89,2.54,-2.38,6.49,476.0,509.0,5.0,3.0,8.79,3.46
493.0,896.0,329.25,15.93,2.32,-2.45,6.49,476.0,509.0,5.0,3.0,8.67,3.73
493.0,897.0,329.46,15.97,2.14,-1.21,6.49,476.0,509.0,5.0,3.0,8.59,4.01
493.0,898.0,329.66,16.01,2.06,-0.21,6.49,476.0,509.0,5.0,3.0,8.51,4.13
493.0,899.0,329.86,16.04,2.05,0.1,6.49,476.0,509.0,5.0,3.0,8.42,4.1
493.0,900.0,330.07,16.08,2.06,0.05,6.49,476.0,509.0,5.0,3.0,8.37,4.07
493.0,901.0,330.27,16.11,2.06,0.01,6.49,476.0,509.0,5.0,3.0,8.38,4.06
493.0,902.0,330.48,16.15,2.05,-0.12,6.49,476.0,509.0,5.0,3.0,8.46,4.12
493.0,903.0,330.69,16.18,2.05,0.0,6.49,476.0,509.0,5.0,3.0,8.61,4.2
493.0,904.0,330.88,16.22,2.13,1.24,6.49,476.0,509.0,5.0,3.0,8.84,4.15
493.0,905.0,331.09,16.25,2.37,3.41,6.49,476.0,509.0,5.0,3.0,9.13,3.85
493.0,906.0,331.35,16.26,2.8,3.41,6.49,476.0,509.0,5.0,3.0,9.4,3.35
493.0,907.0,331.66,16.27,3.38,3.41,6.49,476.0,509.0,5.0,3.0,9.61,2.84
493.0,908.0,332.03,16.27,3.97,3.41,6.49,476.0,509.0,5.0,3.0,9.76,2.46
493.0,909.0,332.44,16.27,4.43,3.41,6.49,476.0,509.0,5.0,3.0,9.87,2.23
493.0,910.0,332.92,16.29,4.68,1.48,6.49,476.0,509.0,5.0,3.0,9.92,2.12
493.0,911.0,333.4,16.3,4.78,0.08,6.49,476.0,509.0,5.0,3.0,9.95,2.08
493.0,912.0,333.88,16.31,4.78,-0.16,6.49,476.0,509.0,5.0,3.0,9.99,2.09
493.0,913.0,334.36,16.34,4.77,-0.01,6.49,476.0,509.0,5.0,3.0,10.03,2.1
493.0,914.0,334.84,16.36,4.77,0.01,6.49,476.0,509.0,5.0,3.0,10.07,2.11
493.0,915.0,335.31,16.39,4.77,0.02,6.49,476.0,509.0,5.0,3.0,10.12,2.12
493.0,916.0,335.79,16.4,4.77,0.01,6.49,476.0,509.0,5.0,3.0,10.16,2.13
493.0,917.0,336.27,16.41,4.77,0.0,6.49,476.0,509.0,5.0,3.0,10.2,2.14
493.0,918.0,336.75,16.43,4.77,0.0,6.49,476.0,509.0,5.0,3.0,10.24,2.15
493.0,919.0,337.22,16.44,4.77,0.0,6.49,476.0,509.0,5.0,3.0,10.29,2.16
493.0,920.0,337.7,16.45,4.78,0.04,6.49,476.0,509.0,5.0,3.0,10.33,2.16
493.0,921.0,338.18,16.46,4.78,0.0,6.49,476.0,509.0,5.0,3.0,10.35,2.17
493.0,922.0,338.66,16.48,4.76,-0.3,6.49,476.0,509.0,5.0,3.0,10.36,2.18
493.0,923.0,339.13,16.49,4.72,-0.58,6.49,476.0,509.0,5.0,3.0,10.38,2.2
493.0,924.0,339.6,16.5,4.69,-0.22,6.49,476.0,509.0,5.0,3.0,10.43,2.23
493.0,925.0,340.06,16.52,4.73,0.99,6.49,476.0,509.0,5.0,3.0,10.5,2.22
493.0,926.0,340.53,16.52,4.89,2.22,6.49,476.0,509.0,5.0,3.0,10.55,2.16
493.0,927.0,341.03,16.52,5.1,2.34,6.49,476.0,509.0,5.0,3.0,10.57,2.07
493.0,928.0,341.56,16.52,5.28,1.41,6.49,476.0,509.0,5.0,3.0,10.56,2.0
493.0,929.0,342.1,16.52,5.38,0.37,6.49,476.0,509.0,5.0,3.0,10.54,1.96
493.0,930.0,342.64,16.51,5.4,-0.09,6.49,476.0,509.0,5.0,3.0,10.52,1.95
493.0,931.0,343.18,16.51,5.39,-0.07,6.49,476.0,509.0,5.0,3.0,10.5,1.95
493.0,932.0,343.72,16.5,5.39,0.0,6.49,476.0,509.0,5.0,3.0,10.48,1.95
493.0,933.0,344.26,16.5,5.39,0.0,6.49,476.0,509.0,5.0,3.0,10.45,1.94
493.0,934.0,344.8,16.5,5.39,0.0,6.49,476.0,509.0,5.0,3.0,10.43,1.94
493.0,935.0,345.33,16.49,5.39,0.0,6.49,476.0,509.0,5.0,3.0,10.43,1.94
493.0,936.0,345.87,16.49,5.39,0.0,6.49,476.0,509.0,5.0,3.0,10.48,1.95
493.0,937.0,346.41,16.49,5.39,0.0,6.49,476.0,509.0,5.0,3.0,10.57,1.96
493.0,938.0,346.95,16.48,5.39,0.0,6.49,476.0,509.0,5.0,3.0,10.7,1.99
493.0,939.0,347.49,16.48,5.35,-0.62,6.49,476.0,509.0,5.0,3.0,10.86,2.03
493.0,940.0,348.03,16.47,5.26,-1.16,6.49,476.0,509.0,5.0,3.0,11.02,2.1
493.0,941.0,348.54,16.47,5.19,-0.56,6.49,476.0,509.0,5.0,3.0,11.2,2.16
493.0,942.0,349.05,16.47,5.19,0.55,6.49,476.0,509.0,5.0,3.0,11.39,2.19
493.0,943.0,349.57,16.46,5.26,1.16,6.49,476.0,509.0,5.0,3.0,11.56,2.2
493.0,944.0,350.11,16.46,5.35,0.62,6.49,476.0,509.0,5.0,3.0,11.71,2.19
493.0,945.0,350.65,16.46,5.39,0.0,6.49,476.0,509.0,5.0,3.0,11.84,2.2
493.0,946.0,351.19,16.46,5.39,0.0,6.49,476.0,509.0,5.0,3.0,11.98,2.22
493.0,947.0,351.73,16.46,5.39,0.0,6.49,476.0,509.0,5.0,3.0,12.12,2.25
493.0,948.0,352.26,16.46,5.39,0.0,6.49,476.0,509.0,5.0,3.0,12.28,2.28
493.0,949.0,352.8,16.46,5.39,0.0,6.49,476.0,509.0,5.0,3.0,12.45,2.31
493.0,950.0,353.34,16.45,5.39,0.0,6.49,476.0,509.0,5.0,3.0,12.62,2.34
493.0,951.0,353.88,16.45,5.38,-0.06,6.49,476.0,509.0,5.0,3.0,12.75,2.37
493.0,952.0,354.42,16.45,5.37,-0.11,6.49,476.0,509.0,5.0,3.0,12.87,2.4
493.0,953.0,354.95,16.45,5.39,0.28,6.49,476.0,509.0,5.0,3.0,13.01,2.41
493.0,954.0,355.48,16.45,5.48,1.37,6.49,476.0,509.0,5.0,3.0,13.17,2.4
493.0,955.0,356.03,16.45,5.68,2.71,6.49,476.0,509.0,5.0,3.0,13.34,2.35
493.0,956.0,356.61,16.45,5.97,3.36,6.49,476.0,509.0,5.0,3.0,13.47,2.26
493.0,957.0,357.22,16.44,6.26,2.71,6.49,476.0,509.0,5.0,3.0,13.56,2.16
493.0,958.0,357.87,16.44,6.46,1.37,6.49,476.0,509.0,5.0,3.0,13.62,2.11
493.0,959.0,358.53,16.44,6.56,0.28,6.49,476.0,509.0,5.0,3.0,13.66,2.08
493.0,960.0,359.2,16.44,6.57,-0.11,6.49,476.0,509.0,5.0,3.0,13.7,2.09
493.0,961.0,359.85,16.44,6.56,-0.06,6.49,476.0,509.0,5.0,3.0,13.76,2.1
493.0,962.0,360.51,16.43,6.56,0.0,6.49,476.0,509.0,5.0,3.0,13.8,2.1
493.0,963.0,361.16,16.43,6.56,0.0,6.49,476.0,509.0,5.0,3.0,13.86,2.11
493.0,964.0,361.82,16.43,6.56,0.0,6.49,476.0,509.0,5.0,3.0,13.9,2.12
493.0,965.0,362.48,16.43,6.56,0.0,6.49,476.0,509.0,5.0,3.0,13.96,2.13
493.0,966.0,363.13,16.43,6.56,0.0,6.49,476.0,509.0,5.0,3.0,14.01,2.14
493.0,967.0,363.79,16.43,6.56,0.0,6.49,476.0,509.0,5.0,3.0,14.06,2.14
493.0,968.0,364.44,16.42,6.56,0.0,6.49,476.0,509.0,5.0,3.0,14.11,2.15
493.0,969.0,365.11,16.42,6.5,-1.04,6.49,476.0,509.0,5.0,3.0,14.15,2.18
493.0,970.0,365.76,16.42,6.35,-1.94,6.49,476.0,509.0,5.0,3.0,14.21,2.24
493.0,971.0,366.37,16.42,6.24,-0.9,6.49,476.0,509.0,5.0,3.0,14.29,2.29
493.0,972.0,366.98,16.42,6.25,0.94,6.49,476.0,509.0,5.0,3.0,14.39,2.3
493.0,973.0,367.61,16.42,6.34,1.73,6.49,476.0,509.0,5.0,3.0,14.47,2.28
493.0,974.0,368.25,16.42,6.45,0.55,6.49,476.0,509.0,5.0,3.0,14.53,2.25
493.0,975.0,368.91,16.43,6.48,-0.37,6.49,476.0,509.0,5.0,3.0,14.58,2.25
493.0,976.0,369.55,16.43,6.48,0.36,6.49,476.0,509.0,5.0,3.0,14.65,2.26
493.0,977.0,370.2,16.43,6.56,1.21,6.49,476.0,509.0,5.0,3.0,14.71,2.24
493.0,978.0,370.86,16.43,6.68,1.41,6.49,476.0,509.0,5.0,3.0,14.76,2.21
493.0,979.0,371.53,16.42,6.79,0.89,6.49,476.0,509.0,5.0,3.0,14.78,2.18
493.0,980.0,372.22,16.41,6.85,0.25,6.49,476.0,509.0,5.0,3.0,14.8,2.16
493.0,981.0,372.91,16.4,6.87,-0.05,6.49,476.0,509.0,5.0,3.0,14.82,2.16
493.0,982.0,373.6,16.39,6.86,-0.04,6.49,476.0,509.0,5.0,3.0,14.84,2.16
493.0,983.0,374.28,16.38,6.86,0.0,6.49,476.0,509.0,5.0,3.0,14.86,2.17
493.0,984.0,374.97,16.37,6.86,0.0,6.49,476.0,509.0,5.0,3.0,14.88,2.17
493.0,985.0,375.66,16.36,6.86,0.0,6.49,476.0,509.0,5.0,3.0,14.9,2.17
493.0,986.0,376.34,16.36,6.86,0.0,6.49,476.0,509.0,5.0,3.0,14.92,2.17
493.0,987.0,377.03,16.35,6.86,0.0,6.49,476.0,509.0,5.0,3.0,14.94,2.18
493.0,988.0,377.71,16.34,6.86,0.0,6.49,476.0,509.0,5.0,3.0,14.96,2.18
493.0,989.0,378.4,16.33,6.86,0.0,6.49,476.0,509.0,5.0,3.0,14.99,2.19
493.0,990.0,379.09,16.32,6.86,0.0,6.49,476.0,509.0,5.0,3.0,15.03,2.19
493.0,991.0,379.77,16.31,6.86,0.0,6.49,476.0,509.0,5.0,3.0,15.06,2.2
493.0,992.0,380.46,16.3,6.86,0.0,6.49,476.0,509.0,5.0,3.0,15.08,2.2
493.0,993.0,381.14,16.3,6.86,0.0,6.49,476.0,509.0,5.0,3.0,15.1,2.2
493.0,994.0,381.83,16.29,6.86,0.0,6.49,476.0,509.0,5.0,3.0,15.12,2.2
493.0,995.0,382.52,16.28,6.86,0.0,6.49,476.0,509.0,5.0,3.0,15.14,2.21
493.0,996.0,383.2,16.27,6.86,0.0,6.49,476.0,509.0,5.0,3.0,15.16,2.21
493.0,997.0,383.89,16.26,6.86,0.0,6.49,476.0,509.0,5.0,3.0,15.18,2.21
493.0,998.0,384.57,16.25,6.86,0.0,6.49,476.0,509.0,5.0,3.0,15.2,2.22
493.0,999.0,385.26,16.24,6.86,0.0,6.49,476.0,509.0,5.0,3.0,15.24,2.22
493.0,1000.0,385.95,16.24,6.86,0.0,6.49,476.0,509.0,5.0,3.0,15.28,2.23
493.0,1001.0,386.63,16.23,6.86,0.0,6.49,476.0,509.0,5.0,3.0,15.34,2.24
493.0,1002.0,387.32,16.22,6.86,0.0,6.49,476.0,509.0,5.0,3.0,15.4,2.25
493.0,1003.0,388.0,16.21,6.86,0.0,6.49,476.0,509.0,5.0,3.0,15.47,2.25
493.0,1004.0,388.69,16.2,6.86,0.0,6.49,476.0,509.0,5.0,3.0,15.52,2.26
493.0,1005.0,389.38,16.19,6.86,0.0,6.49,476.0,509.0,5.0,3.0,15.58,2.27
493.0,1006.0,390.06,16.19,6.86,0.0,6.49,476.0,509.0,5.0,3.0,15.65,2.28
493.0,1007.0,390.75,16.18,6.86,0.0,6.49,476.0,509.0,5.0,3.0,15.71,2.29
493.0,1008.0,391.43,16.17,6.86,0.0,6.49,476.0,509.0,5.0,3.0,15.76,2.3
493.0,1009.0,392.12,16.16,6.88,0.37,6.49,476.0,509.0,5.0,3.0,15.83,2.3
493.0,1010.0,392.8,16.15,6.94,0.7,6.49,476.0,509.0,5.0,3.0,15.89,2.29
493.0,1011.0,393.5,16.15,6.97,0.34,6.49,476.0,509.0,5.0,3.0,15.93,2.28
493.0,1012.0,394.21,16.14,6.97,-0.34,6.49,476.0,509.0,5.0,3.0,15.97,2.29
493.0,1013.0,394.91,16.14,6.94,-0.7,6.49,476.0,509.0,5.0,3.0,16.02,2.31
493.0,1014.0,395.59,16.13,6.88,-0.37,6.49,476.0,509.0,5.0,3.0,16.08,2.34
493.0,1015.0,396.28,16.12,6.86,0.0,6.49,476.0,509.0,5.0,3.0,16.14,2.35
493.0,1016.0,396.96,16.11,6.86,0.0,6.49,476.0,509.0,5.0,3.0,16.2,2.36
493.0,1017.0,397.65,16.1,6.86,0.0,6.49,476.0,509.0,5.0,3.0,16.26,2.37
493.0,1018.0,398.34,16.09,6.86,0.0,6.49,476.0,509.0,5.0,3.0,16.33,2.38
493.0,1019.0,399.02,16.08,6.86,-0.03,6.49,476.0,509.0,5.0,3.0,16.38,2.39
493.0,1020.0,399.71,16.07,6.85,-0.06,6.49,476.0,509.0,5.0,3.0,16.44,2.4
493.0,1021.0,400.39,16.06,6.86,0.12,6.49,476.0,509.0,5.0,3.0,16.5,2.41
493.0,1022.0,401.07,16.04,6.9,0.63,6.49,476.0,509.0,5.0,3.0,16.57,2.4
493.0,1023.0,401.76,16.03,7.0,1.29,6.49,476.0,509.0,5.0,3.0,16.63,2.38
493.0,1024.0,402.47,16.03,7.14,1.6,6.49,476.0,509.0,5.0,3.0,16.67,2.34
493.0,1025.0,403.19,16.02,7.27,1.28,6.49,476.0,509.0,5.0,3.0,16.69,2.29
493.0,1026.0,403.93,16.03,7.37,0.63,6.49,476.0,509.0,5.0,3.0,16.7,2.27
493.0,1027.0,404.67,16.03,7.41,0.12,6.49,476.0,509.0,5.0,3.0,16.71,2.26
493.0,1028.0,405.41,16.03,7.42,-0.05,6.49,476.0,509.0,5.0,3.0,16.72,2.26
493.0,1029.0,406.16,16.03,7.41,-0.03,6.49,476.0,509.0,5.0,3.0,16.74,2.26
493.0,1030.0,406.9,16.03,7.41,0.0,6.49,476.0,509.0,5.0,3.0,16.74,2.26
493.0,1031.0,407.64,16.03,7.41,0.0,6.49,476.0,509.0,5.0,3.0,16.75,2.26
493.0,1032.0,408.38,16.03,7.41,0.0,6.49,476.0,509.0,5.0,3.0,16.75,2.26
493.0,1033.0,409.12,16.03,7.41,0.0,6.49,476.0,509.0,5.0,3.0,16.76,2.26
493.0,1034.0,409.86,16.03,7.41,0.0,6.49,476.0,509.0,5.0,3.0,16.76,2.26
493.0,1035.0,410.6,16.03,7.41,0.0,6.49,476.0,509.0,5.0,3.0,16.77,2.26
493.0,1036.0,411.34,16.03,7.41,0.0,6.49,476.0,509.0,5.0,3.0,16.77,2.26
493.0,1037.0,412.08,16.03,7.41,0.0,6.49,476.0,509.0,5.0,3.0,16.78,2.26
493.0,1038.0,412.83,16.03,7.41,0.0,6.49,476.0,509.0,5.0,3.0,16.78,2.26
493.0,1039.0,413.57,16.03,7.41,0.0,6.49,476.0,509.0,5.0,3.0,16.79,2.27
493.0,1040.0,414.31,16.03,7.41,0.0,6.49,476.0,509.0,5.0,3.0,16.8,2.27
493.0,1041.0,415.05,16.03,7.41,0.0,6.49,476.0,509.0,5.0,3.0,16.8,2.27
493.0,1042.0,415.79,16.03,7.41,0.0,6.49,476.0,509.0,5.0,3.0,16.79,2.27
493.0,1043.0,416.53,16.03,7.41,0.0,6.49,476.0,509.0,5.0,3.0,16.74,2.26
493.0,1044.0,417.27,16.03,7.41,0.0,6.49,476.0,509.0,5.0,3.0,16.66,2.25
493.0,1045.0,418.01,16.03,7.41,0.0,6.49,476.0,509.0,5.0,3.0,16.57,2.24
493.0,1046.0,418.75,16.03,7.41,0.0,6.49,476.0,509.0,5.0,3.0,16.48,2.22
493.0,1047.0,419.49,16.04,7.41,0.0,6.49,476.0,509.0,5.0,3.0,16.39,2.21
493.0,1048.0,420.23,16.04,7.42,0.23,6.49,476.0,509.0,5.0,3.0,16.3,2.2
493.0,1049.0,420.98,16.04,7.46,0.42,6.49,476.0,509.0,5.0,3.0,16.22,2.17
493.0,1050.0,421.73,16.04,7.48,0.2,6.49,476.0,509.0,5.0,3.0,16.12,2.15
493.0,1051.0,422.48,16.04,7.48,-0.2,6.49,476.0,509.0,5.0,3.0,16.02,2.14
493.0,1052.0,423.23,16.04,7.46,-0.42,6.49,476.0,509.0,5.0,3.0,15.93,2.14
493.0,1053.0,423.97,16.03,7.42,-0.23,6.49,476.0,509.0,5.0,3.0,15.83,2.13
493.0,1054.0,424.71,16.03,7.41,0.0,6.49,476.0,509.0,5.0,3.0,15.75,2.13
493.0,1055.0,425.45,16.03,7.41,0.0,6.49,476.0,509.0,5.0,3.0,15.66,2.11
493.0,1056.0,426.19,16.03,7.41,0.0,6.49,476.0,509.0,5.0,3.0,15.57,2.1
493.0,1057.0,426.93,16.03,7.41,0.0,6.49,476.0,509.0,5.0,3.0,15.48,2.09
493.0,1058.0,427.67,16.03,7.41,0.0,6.49,476.0,509.0,5.0,3.0,15.4,2.08
493.0,1059.0,428.41,16.03,7.41,0.0,6.49,476.0,509.0,5.0,3.0,15.31,2.07
493.0,1060.0,429.15,16.03,7.41,0.0,6.49,476.0,509.0,5.0,3.0,15.22,2.05
493.0,1061.0,429.9,16.03,7.41,0.0,6.49,476.0,509.0,5.0,3.0,15.13,2.04
493.0,1062.0,430.64,16.03,7.41,0.0,6.49,476.0,509.0,5.0,3.0,15.04,2.03
493.0,1063.0,431.38,16.03,7.41,0.0,6.49,476.0,509.0,5.0,3.0,14.94,2.02
493.0,1064.0,432.12,16.03,7.41,0.0,6.49,476.0,509.0,5.0,3.0,14.84,2.0
493.0,1065.0,432.86,16.03,7.41,0.0,6.49,476.0,509.0,5.0,3.0,14.76,1.99
493.0,1066.0,433.6,16.03,7.41,0.0,6.49,476.0,509.0,5.0,3.0,14.67,1.98
493.0,1067.0,434.34,16.02,7.41,0.0,6.49,476.0,509.0,5.0,3.0,14.58,1.97
493.0,1068.0,435.08,16.02,7.41,0.0,6.49,476.0,509.0,5.0,3.0,14.49,1.96
493.0,1069.0,435.82,16.02,7.41,0.0,6.49,476.0,509.0,5.0,3.0,14.4,1.94
493.0,1070.0,436.56,16.02,7.42,0.08,6.49,476.0,509.0,5.0,3.0,14.32,1.93
493.0,1071.0,437.31,16.02,7.42,0.12,6.49,476.0,509.0,5.0,3.0,14.23,1.92
493.0,1072.0,438.05,16.02,7.4,-0.48,6.49,476.0,509.0,5.0,3.0,14.13,1.91
493.0,1073.0,438.8,16.02,7.27,-1.83,6.49,476.0,509.0,5.0,3.0,14.04,1.93
493.0,1074.0,439.53,16.02,7.02,-3.34,6.49,476.0,509.0,5.0,3.0,13.97,1.99
493.0,1075.0,440.21,16.02,6.66,-3.41,6.49,476.0,509.0,5.0,3.0,13.94,2.09
493.0,1076.0,440.86,16.02,6.3,-3.34,6.49,476.0,509.0,5.0,3.0,13.94,2.21
493.0,1077.0,441.46,16.02,6.05,-1.83,6.49,476.0,509.0,5.0,3.0,13.99,2.31
493.0,1078.0,442.05,16.02,5.93,-0.48,6.49,476.0,509.0,5.0,3.0,14.05,2.37
493.0,1079.0,442.64,16.02,5.9,0.12,6.49,476.0,509.0,5.0,3.0,14.12,2.39
493.0,1080.0,443.23,16.02,5.91,0.07,6.49,476.0,509.0,5.0,3.0,14.18,2.4
493.0,1081.0,443.82,16.02,5.91,0.0,6.49,476.0,509.0,5.0,3.0,14.24,2.41
493.0,1082.0,444.41,16.02,5.9,-0.2,6.49,476.0,509.0,5.0,3.0,14.3,2.42
493.0,1083.0,445.0,16.02,5.87,-0.37,6.49,476.0,509.0,5.0,3.0,14.37,2.45
493.0,1084.0,445.59,16.02,5.86,-0.17,6.49,476.0,509.0,5.0,3.0,14.44,2.47
493.0,1085.0,446.17,16.03,5.86,0.17,6.49,476.0,509.0,5.0,3.0,14.51,2.48
493.0,1086.0,446.75,16.03,5.87,0.36,6.49,476.0,509.0,5.0,3.0,14.58,2.48
493.0,1087.0,447.34,16.03,5.9,0.2,6.49,476.0,509.0,5.0,3.0,14.64,2.48
493.0,1088.0,447.94,16.03,5.91,0.0,6.49,476.0,509.0,5.0,3.0,14.7,2.49
493.0,1089.0,448.53,16.03,5.91,0.01,6.49,476.0,509.0,5.0,3.0,14.76,2.5
493.0,1090.0,449.12,16.03,5.92,0.0,6.49,476.0,509.0,5.0,3.0,14.82,2.51
493.0,1091.0,449.71,16.03,5.92,0.0,6.49,476.0,509.0,5.0,3.0,14.88,2.52
493.0,1092.0,450.3,16.04,5.91,-0.01,6.49,476.0,509.0,5.0,3.0,14.94,2.53
493.0,1093.0,450.89,16.04,5.91,0.0,6.49,476.0,509.0,5.0,3.0,15.0,2.54
493.0,1094.0,451.48,16.04,5.91,0.0,6.49,476.0,509.0,5.0,3.0,15.07,2.55
493.0,1095.0,452.08,16.04,5.91,0.01,6.49,476.0,509.0,5.0,3.0,15.14,2.56
493.0,1096.0,452.67,16.04,5.92,0.0,6.49,476.0,509.0,5.0,3.0,15.17,2.56
493.0,1097.0,453.26,16.04,5.92,0.0,6.49,476.0,509.0,5.0,3.0,15.15,2.56
493.0,1098.0,453.85,16.04,5.91,-0.01,6.49,476.0,509.0,5.0,3.0,15.07,2.55
493.0,1099.0,454.44,16.05,5.91,0.0,6.49,476.0,509.0,5.0,3.0,14.93,2.52
493.0,1100.0,455.03,16.05,5.91,0.0,6.49,476.0,509.0,5.0,3.0,14.73,2.49
493.0,1101.0,455.62,16.05,5.91,0.0,6.49,476.0,509.0,5.0,3.0,14.51,2.45
493.0,1102.0,456.22,16.05,5.92,0.0,6.49,476.0,509.0,5.0,3.0,14.38,2.43
493.0,1103.0,456.81,16.05,5.92,0.0,6.49,476.0,509.0,5.0,3.0,14.33,2.42
493.0,1104.0,457.4,16.05,5.91,0.0,6.49,476.0,509.0,5.0,3.0,14.37,2.43
493.0,1105.0,457.99,16.06,5.91,0.0,6.49,476.0,509.0,5.0,3.0,14.49,2.45
493.0,1106.0,458.58,16.06,5.91,0.0,6.49,476.0,509.0,5.0,3.0,14.68,2.48
493.0,1107.0,459.17,16.06,5.91,0.0,6.49,476.0,509.0,5.0,3.0,14.75,2.49
493.0,1108.0,459.76,16.06,5.91,0.0,6.49,476.0,509.0,5.0,3.0,14.72,2.49
493.0,1109.0,460.36,16.06,5.92,0.0,6.49,476.0,509.0,5.0,3.0,14.6,2.47
493.0,1110.0,460.95,16.06,5.91,0.0,6.49,476.0,509.0,5.0,3.0,14.39,2.43
493.0,1111.0,461.54,16.06,5.91,0.0,6.49,476.0,509.0,5.0,3.0,14.11,2.39
493.0,1112.0,462.13,16.07,5.92,0.04,6.49,476.0,509.0,5.0,3.0,13.85,2.34
493.0,1113.0,462.72,16.07,5.92,0.09,6.49,476.0,509.0,5.0,3.0,13.59,2.3
493.0,1114.0,463.32,16.07,5.91,-0.18,6.49,476.0,509.0,5.0,3.0,13.32,2.25
493.0,1115.0,463.91,16.07,5.85,-0.97,6.49,476.0,509.0,5.0,3.0,13.04,2.23
493.0,1116.0,464.5,16.07,5.7,-1.99,6.49,476.0,509.0,5.0,3.0,12.77,2.24
493.0,1117.0,465.06,16.07,5.49,-2.47,6.49,476.0,509.0,5.0,3.0,12.52,2.28
493.0,1118.0,465.6,16.08,5.28,-1.98,6.49,476.0,509.0,5.0,3.0,12.3,2.33
493.0,1119.0,466.11,16.08,5.13,-0.97,6.49,476.0,509.0,5.0,3.0,12.11,2.36
493.0,1120.0,466.61,16.09,5.07,-0.18,6.49,476.0,509.0,5.0,3.0,11.92,2.35
493.0,1121.0,467.11,16.09,5.06,0.08,6.49,476.0,509.0,5.0,3.0,11.73,2.32
493.0,1122.0,467.62,16.1,5.06,0.05,6.49,476.0,509.0,5.0,3.0,11.55,2.28
493.0,1123.0,468.13,16.1,5.07,0.0,6.49,476.0,509.0,5.0,3.0,11.35,2.24
493.0,1124.0,468.63,16.11,5.07,0.0,6.49,476.0,509.0,5.0,3.0,11.17,2.2
493.0,1125.0,469.14,16.11,5.07,0.0,6.49,476.0,509.0,5.0,3.0,10.98,2.17
493.0,1126.0,469.65,16.12,5.07,0.0,6.49,476.0,509.0,5.0,3.0,10.79,2.13
493.0,1127.0,470.15,16.12,5.07,0.0,6.49,476.0,509.0,5.0,3.0,10.58,2.09
493.0,1128.0,470.66,16.13,5.07,0.0,6.49,476.0,509.0,5.0,3.0,10.37,2.05
493.0,1129.0,471.17,16.13,5.07,0.0,6.49,476.0,509.0,5.0,3.0,10.21,2.01
493.0,1130.0,471.67,16.14,5.07,0.0,6.49,476.0,509.0,5.0,3.0,10.09,1.99
493.0,1131.0,472.18,16.14,5.07,0.0,6.49,476.0,509.0,5.0,3.0,10.01,1.98
493.0,1132.0,472.69,16.15,5.07,0.0,6.49,476.0,509.0,5.0,3.0,9.98,1.97
493.0,1133.0,473.19,16.15,5.07,-0.01,6.49,476.0,509.0,5.0,3.0,9.96,1.97
493.0,1134.0,473.7,16.16,5.07,0.0,6.49,476.0,509.0,5.0,3.0,9.94,1.96
493.0,1135.0,474.21,16.16,5.07,0.0,6.49,476.0,509.0,5.0,3.0,9.91,1.96
493.0,1136.0,474.71,16.17,5.09,0.37,6.49,476.0,509.0,5.0,3.0,9.88,1.94
493.0,1137.0,475.22,16.17,5.14,0.68,6.49,476.0,509.0,5.0,3.0,9.85,1.92
493.0,1138.0,475.74,16.18,5.18,0.33,6.49,476.0,509.0,5.0,3.0,9.81,1.89
493.0,1139.0,476.26,16.18,5.18,-0.32,6.49,476.0,509.0,5.0,3.0,9.76,1.89
493.0,1140.0,476.78,16.18,5.14,-0.68,6.49,476.0,509.0,5.0,3.0,9.72,1.89
493.0,1141.0,477.29,16.19,5.09,-0.37,6.49,476.0,509.0,5.0,3.0,9.69,1.91
493.0,1142.0,477.79,16.19,5.07,0.05,6.49,476.0,509.0,5.0,3.0,9.67,1.91
493.0,1143.0,478.3,16.2,5.08,0.12,6.49,476.0,509.0,5.0,3.0,9.64,1.9
493.0,1144.0,478.81,16.2,5.06,-0.31,6.49,476.0,509.0,5.0,3.0,9.6,1.9
493.0,1145.0,479.32,16.2,4.96,-1.52,6.49,476.0,509.0,5.0,3.0,9.57,1.93
493.0,1146.0,479.82,16.2,4.77,-2.42,6.49,476.0,509.0,5.0,3.0,9.56,2.0
493.0,1147.0,480.28,16.21,4.6,-1.57,6.49,476.0,509.0,5.0,3.0,9.57,2.08
493.0,1148.0,480.71,16.23,4.58,0.96,6.49,476.0,509.0,5.0,3.0,9.61,2.1
493.0,1149.0,481.16,16.25,4.77,3.26,6.49,476.0,509.0,5.0,3.0,9.64,2.02
493.0,1150.0,481.65,16.26,5.09,3.41,6.49,476.0,509.0,5.0,3.0,9.63,1.89
493.0,1151.0,482.19,16.26,5.36,2.12,6.49,476.0,509.0,5.0,3.0,9.6,1.79
493.0,1152.0,482.75,16.28,5.5,0.36,6.49,476.0,509.0,5.0,3.0,9.57,1.74
493.0,1153.0,483.3,16.29,5.5,-0.53,6.49,476.0,509.0,5.0,3.0,9.57,1.74
493.0,1154.0,483.85,16.3,5.47,-0.12,6.49,476.0,509.0,5.0,3.0,9.58,1.75
493.0,1155.0,484.39,16.3,5.53,1.11,6.49,476.0,509.0,5.0,3.0,9.6,1.74
493.0,1156.0,484.94,16.29,5.69,2.18,6.49,476.0,509.0,5.0,3.0,9.61,1.69
493.0,1157.0,485.52,16.28,5.89,2.19,6.49,476.0,509.0,5.0,3.0,9.58,1.63
493.0,1158.0,486.12,16.28,6.06,1.28,6.49,476.0,509.0,5.0,3.0,9.53,1.57
493.0,1159.0,486.74,16.28,6.15,0.32,6.49,476.0,509.0,5.0,3.0,9.47,1.54
493.0,1160.0,487.36,16.29,6.16,-0.09,6.49,476.0,509.0,5.0,3.0,9.41,1.53
493.0,1161.0,487.98,16.29,6.16,-0.06,6.49,476.0,509.0,5.0,3.0,9.35,1.52
493.0,1162.0,488.59,16.29,6.15,0.0,6.49,476.0,509.0,5.0,3.0,9.29,1.51
493.0,1163.0,489.21,16.29,6.15,0.0,6.49,476.0,509.0,5.0,3.0,9.23,1.5
493.0,1164.0,489.82,16.29,6.15,0.0,6.49,476.0,509.0,5.0,3.0,9.17,1.49
493.0,1165.0,490.44,16.3,6.15,0.0,6.49,476.0,509.0,5.0,3.0,9.11,1.48
493.0,1166.0,491.05,16.3,6.15,0.0,6.49,476.0,509.0,5.0,3.0,9.05,1.47
493.0,1167.0,491.67,16.3,6.15,0.0,6.49,476.0,509.0,5.0,3.0,8.99,1.46
493.0,1168.0,492.29,16.3,6.15,0.0,6.49,476.0,509.0,5.0,3.0,8.93,1.45
493.0,1169.0,492.9,16.3,6.15,0.0,6.49,476.0,509.0,5.0,3.0,8.87,1.44
493.0,1170.0,493.52,16.31,6.15,0.0,6.49,476.0,509.0,5.0,3.0,8.81,1.43
493.0,1171.0,494.13,16.31,6.15,0.0,6.49,476.0,509.0,5.0,3.0,8.75,1.42
493.0,1172.0,494.75,16.31,6.15,0.0,6.49,476.0,509.0,5.0,3.0,8.7,1.41
493.0,1173.0,495.36,16.31,6.15,0.0,6.49,476.0,509.0,5.0,3.0,8.63,1.4
493.0,1174.0,495.98,16.31,6.15,0.0,6.49,476.0,509.0,5.0,3.0,8.58,1.39
493.0,1175.0,496.59,16.32,6.15,0.0,6.49,476.0,509.0,5.0,3.0,8.52,1.38
493.0,1176.0,497.21,16.32,6.15,0.0,6.49,476.0,509.0,5.0,3.0,8.46,1.37
493.0,1177.0,497.82,16.32,6.15,0.0,6.49,476.0,509.0,5.0,3.0,8.4,1.36
493.0,1178.0,498.44,16.32,6.15,0.0,6.49,476.0,509.0,5.0,3.0,8.33,1.35
493.0,1179.0,499.05,16.32,6.15,0.0,6.49,476.0,509.0,5.0,3.0,8.27,1.34
493.0,1180.0,499.67,16.33,6.15,0.0,6.49,476.0,509.0,5.0,3.0,8.2,1.33
493.0,1181.0,500.28,16.33,6.15,0.0,6.49,476.0,509.0,5.0,3.0,8.14,1.32
493.0,1182.0,500.9,16.33,6.15,0.0,6.49,476.0,509.0,5.0,3.0,8.08,1.31
493.0,1183.0,501.52,16.33,6.15,0.0,6.49,476.0,509.0,5.0,3.0,8.03,1.3
493.0,1184.0,502.13,16.34,6.15,0.0,6.49,476.0,509.0,5.0,3.0,7.96,1.29
493.0,1185.0,502.75,16.34,6.15,0.0,6.49,476.0,509.0,5.0,3.0,7.91,1.28
493.0,1186.0,503.36,16.34,6.15,0.0,6.49,476.0,509.0,5.0,3.0,7.85,1.28
493.0,1187.0,503.98,16.34,6.15,0.0,6.49,476.0,509.0,5.0,3.0,7.79,1.27
493.0,1188.0,504.59,16.34,6.15,0.0,6.49,476.0,509.0,5.0,3.0,7.73,1.26
493.0,1189.0,505.21,16.35,6.14,-0.16,6.49,0.0,509.0,5.0,3.0,0.0,0.0
493.0,1190.0,505.82,16.35,6.12,-0.29,6.49,0.0,509.0,5.0,3.0,0.0,0.0
493.0,1191.0,506.43,16.35,6.11,-0.14,6.49,0.0,509.0,5.0,3.0,0.0,0.0
493.0,1192.0,507.04,16.35,6.11,0.14,6.49,0.0,509.0,5.0,3.0,0.0,0.0
493.0,1193.0,507.65,16.35,6.12,0.29,6.49,0.0,509.0,5.0,3.0,0.0,0.0
493.0,1194.0,508.27,16.36,6.14,0.16,6.49,0.0,509.0,5.0,3.0,0.0,0.0
493.0,1195.0,508.88,16.36,6.15,0.0,6.49,0.0,509.0,5.0,3.0,0.0,0.0
493.0,1196.0,509.5,16.36,6.15,0.0,6.49,0.0,509.0,5.0,3.0,0.0,0.0
493.0,1197.0,510.11,16.37,6.15,0.0,6.49,0.0,509.0,5.0,3.0,0.0,0.0
493.0,1198.0,510.73,16.37,6.15,0.0,6.49,0.0,509.0,5.0,3.0,0.0,0.0
493.0,1199.0,511.34,16.37,6.15,0.0,6.49,0.0,509.0,5.0,3.0,0.0,0.0
493.0,1200.0,511.96,16.37,6.15,0.0,6.49,0.0,509.0,5.0,3.0,0.0,0.0
493.0,1201.0,512.57,16.38,6.15,0.0,6.49,0.0,509.0,5.0,3.0,0.0,0.0
493.0,1202.0,513.19,16.38,6.15,0.0,6.49,0.0,509.0,5.0,3.0,0.0,0.0
493.0,1203.0,513.8,16.38,6.15,0.0,6.49,0.0,509.0,5.0,3.0,0.0,0.0
493.0,1204.0,514.42,16.39,6.15,0.0,6.49,0.0,509.0,5.0,3.0,0.0,0.0
493.0,1205.0,515.03,16.39,6.15,0.0,6.49,0.0,509.0,5.0,3.0,0.0,0.0
493.0,1206.0,515.65,16.39,6.15,0.0,6.49,0.0,509.0,5.0,3.0,0.0,0.0
493.0,1207.0,516.27,16.39,6.15,0.0,6.49,0.0,509.0,5.0,3.0,0.0,0.0
493.0,1208.0,516.88,16.4,6.15,0.0,6.49,0.0,509.0,5.0,3.0,0.0,0.0
493.0,1209.0,517.5,16.4,6.15,0.0,6.49,0.0,509.0,5.0,3.0,0.0,0.0
