id,frame,x_position,y_position,speed,yVelocity,acceleration,yAcceleration,length,preceding_vehicle_id,following_vehicle_id,lane_id,vehicle_class,distance_to_preceding,time_to_preceding,time_to_collision
144,3229,20.8,27.61,23.96,-0.62,0.03,0.02,16.07,140,0,6,Truck,158.33,6.6,-11.81
144,3230,21.69,27.58,23.96,-0.62,0.04,0.04,16.07,140,0,6,Truck,158.93,6.63,-11.86
144,3231,22.61,27.56,23.97,-0.61,0.04,0.06,16.07,140,0,6,Truck,159.5,6.65,-11.9
144,3232,23.55,27.53,23.97,-0.6,0.04,0.08,16.07,140,0,6,Truck,160.06,6.67,-11.94
144,3233,24.51,27.51,23.97,-0.6,0.04,0.09,16.07,140,0,6,Truck,160.61,6.7,-11.98
144,3234,25.47,27.49,23.97,-0.59,0.04,0.11,16.07,140,0,6,Truck,161.15,6.72,-12.02
144,3235,26.43,27.47,23.97,-0.58,0.05,0.13,16.07,140,0,6,Truck,161.68,6.74,-12.05
144,3236,27.4,27.44,23.97,-0.57,0.05,0.14,16.07,140,0,6,Truck,162.22,6.76,-12.09
144,3237,28.35,27.42,23.98,-0.56,0.05,0.16,16.07,140,0,6,Truck,162.76,6.78,-12.13
144,3238,29.3,27.4,23.98,-0.55,0.05,0.17,16.07,140,0,6,Truck,163.31,6.81,-12.17
144,3239,30.24,27.38,23.98,-0.54,0.05,0.19,16.07,140,0,6,Truck,163.85,6.83,-12.21
144,3240,31.19,27.36,23.98,-0.53,0.05,0.2,16.07,140,0,6,Truck,164.39,6.85,-12.25
144,3241,32.16,27.34,23.98,-0.52,0.06,0.22,16.07,140,0,6,Truck,164.93,6.87,-12.29
144,3242,33.12,27.31,23.99,-0.51,0.06,0.23,16.07,140,0,6,Truck,165.45,6.89,-12.33
144,3243,34.08,27.29,23.99,-0.49,0.06,0.24,16.07,140,0,6,Truck,165.98,6.91,-12.37
144,3244,35.04,27.27,23.99,-0.48,0.06,0.25,16.07,140,0,6,Truck,166.52,6.94,-12.41
144,3245,35.99,27.25,23.99,-0.46,0.06,0.27,16.07,140,0,6,Truck,167.06,6.96,-12.45
144,3246,36.95,27.23,24.0,-0.45,0.06,0.28,16.07,140,0,6,Truck,167.6,6.98,-12.49
144,3247,37.91,27.21,24.0,-0.43,0.06,0.29,16.07,140,0,6,Truck,168.13,7.0,-12.53
144,3248,38.87,27.2,24.0,-0.42,0.06,0.3,16.07,140,0,6,Truck,168.67,7.02,-12.56
144,3249,39.84,27.18,24.0,-0.4,0.06,0.31,16.07,140,0,6,Truck,169.2,7.04,-12.6
144,3250,40.82,27.17,24.01,-0.38,0.06,0.31,16.07,140,0,6,Truck,169.73,7.07,-12.64
144,3251,41.79,27.15,24.01,-0.36,0.05,0.32,16.07,140,0,6,Truck,170.26,7.09,-12.68
144,3252,42.76,27.14,24.01,-0.35,0.05,0.33,16.07,140,0,6,Truck,170.78,7.11,-12.72
144,3253,43.74,27.13,24.01,-0.33,0.05,0.34,16.07,140,0,6,Truck,171.29,7.13,-12.75
144,3254,44.71,27.11,24.01,-0.31,0.05,0.34,16.07,140,0,6,Truck,171.81,7.15,-12.79
144,3255,45.67,27.1,24.02,-0.29,0.05,0.35,16.07,140,0,6,Truck,172.33,7.17,-12.83
144,3256,46.63,27.09,24.02,-0.28,0.05,0.35,16.07,140,0,6,Truck,172.88,7.19,-12.87
144,3257,47.59,27.08,24.02,-0.26,0.05,0.36,16.07,140,0,6,Truck,173.42,7.22,-12.91
144,3258,48.54,27.07,24.02,-0.24,0.05,0.36,16.07,140,0,6,Truck,173.97,7.24,-12.95
144,3259,49.48,27.06,24.02,-0.22,0.05,0.37,16.07,140,0,6,Truck,174.52,7.26,-12.99
144,3260,50.43,27.05,24.03,-0.2,0.05,0.37,16.07,140,0,6,Truck,175.07,7.28,-13.02
144,3261,51.38,27.04,24.03,-0.18,0.05,0.37,16.07,140,0,6,Truck,175.62,7.3,-13.06
144,3262,52.33,27.04,24.03,-0.16,0.05,0.37,16.07,140,0,6,Truck,176.16,7.33,-13.1
144,3263,53.29,27.03,24.03,-0.15,0.05,0.38,16.07,142,0,6,Truck,35.13,1.46,-3.08
144,3264,54.24,27.03,24.04,-0.13,0.05,0.38,16.07,142,0,6,Truck,35.58,1.48,-3.12
144,3265,55.2,27.02,24.04,-0.11,0.05,0.38,16.07,142,0,6,Truck,36.03,1.49,-3.17
144,3266,56.16,27.02,24.04,-0.09,0.05,0.38,16.07,142,0,6,Truck,36.48,1.51,-3.21
144,3267,57.13,27.01,24.04,-0.07,0.05,0.38,16.07,142,0,6,Truck,36.92,1.53,-3.25
144,3268,58.11,27.01,24.04,-0.05,0.05,0.38,16.07,142,0,6,Truck,37.36,1.55,-3.29
144,3269,59.08,27.01,24.05,-0.03,0.05,0.38,16.07,142,0,6,Truck,37.81,1.57,-3.33
144,3270,60.04,27.01,24.05,-0.01,0.05,0.37,16.07,142,0,6,Truck,38.26,1.59,-3.37
144,3271,61.01,27.01,24.05,0.01,0.05,0.37,16.07,142,0,6,Truck,38.71,1.61,-3.41
144,3272,61.98,27.01,24.05,0.03,0.04,0.37,16.07,142,0,6,Truck,39.15,1.62,-3.45
144,3273,62.96,27.01,24.05,0.05,0.04,0.36,16.07,142,0,6,Truck,39.58,1.64,-3.49
144,3274,63.94,27.01,24.06,0.07,0.04,0.36,16.07,142,0,6,Truck,40.02,1.66,-3.53
144,3275,64.91,27.01,24.06,0.08,0.04,0.36,16.07,142,0,6,Truck,40.46,1.68,-3.57
144,3276,65.88,27.02,24.06,0.1,0.04,0.35,16.07,142,0,6,Truck,40.91,1.7,-3.61
144,3277,66.84,27.02,24.06,0.12,0.04,0.34,16.07,142,0,6,Truck,41.37,1.72,-3.65
144,3278,67.8,27.03,24.06,0.14,0.04,0.34,16.07,142,0,6,Truck,41.83,1.73,-3.69
144,3279,68.75,27.03,24.06,0.16,0.04,0.33,16.07,142,0,6,Truck,42.29,1.75,-3.73
144,3280,69.7,27.04,24.06,0.18,0.04,0.32,16.07,142,0,6,Truck,42.75,1.77,-3.77
144,3281,70.66,27.05,24.07,0.19,0.04,0.32,16.07,142,0,6,Truck,43.2,1.79,-3.81
144,3282,71.62,27.05,24.07,0.21,0.04,0.31,16.07,142,0,6,Truck,43.66,1.81,-3.85
144,3283,72.58,27.06,24.07,0.23,0.04,0.3,16.07,142,0,6,Truck,44.11,1.83,-3.89
144,3284,73.54,27.07,24.07,0.24,0.04,0.29,16.07,142,0,6,Truck,44.56,1.85,-3.93
144,3285,74.49,27.08,24.07,0.26,0.04,0.28,16.07,142,0,6,Truck,45.01,1.87,-3.97
144,3286,75.45,27.09,24.07,0.28,0.05,0.27,16.07,142,0,6,Truck,45.46,1.88,-4.01
144,3287,76.42,27.11,24.08,0.29,0.05,0.26,16.07,142,0,6,Truck,45.9,1.9,-4.05
144,3288,77.39,27.12,24.08,0.3,0.05,0.24,16.07,142,0,6,Truck,46.34,1.92,-4.09
144,3289,78.36,27.13,24.08,0.32,0.05,0.23,16.07,142,0,6,Truck,46.78,1.94,-4.12
144,3290,79.32,27.15,24.08,0.33,0.05,0.22,16.07,142,0,6,Truck,47.22,1.96,-4.16
144,3291,80.28,27.16,24.08,0.34,0.05,0.2,16.07,142,0,6,Truck,47.67,1.98,-4.2
144,3292,81.24,27.18,24.09,0.35,0.05,0.19,16.07,142,0,6,Truck,48.13,1.99,-4.24
144,3293,82.2,27.19,24.09,0.36,0.06,0.18,16.07,142,0,6,Truck,48.59,2.01,-4.28
144,3294,83.17,27.21,24.09,0.37,0.06,0.16,16.07,142,0,6,Truck,49.04,2.03,-4.32
144,3295,84.13,27.23,24.09,0.38,0.06,0.15,16.07,142,0,6,Truck,49.5,2.05,-4.36
144,3296,85.1,27.24,24.1,0.39,0.06,0.13,16.07,142,0,6,Truck,49.96,2.07,-4.4
144,3297,86.05,27.26,24.1,0.39,0.06,0.12,16.07,142,0,6,Truck,50.42,2.09,-4.44
144,3298,87.01,27.28,24.1,0.4,0.07,0.11,16.07,142,0,6,Truck,50.88,2.11,-4.48
144,3299,87.96,27.3,24.1,0.4,0.07,0.09,16.07,142,0,6,Truck,51.34,2.13,-4.52
144,3300,88.92,27.31,24.11,0.41,0.07,0.08,16.07,142,0,6,Truck,51.8,2.14,-4.56
144,3301,89.88,27.33,24.11,0.41,0.07,0.06,16.07,142,0,6,Truck,52.27,2.16,-4.59
144,3302,90.84,27.35,24.11,0.41,0.07,0.05,16.07,142,0,6,Truck,52.73,2.18,-4.63
144,3303,91.81,27.37,24.11,0.41,0.07,0.03,16.07,142,0,6,Truck,53.19,2.2,-4.67
144,3304,92.78,27.39,24.12,0.41,0.07,0.02,16.07,142,0,6,Truck,53.63,2.22,-4.71
144,3305,93.75,27.41,24.12,0.41,0.07,0.0,16.07,142,0,6,Truck,54.08,2.24,-4.75
144,3306,94.71,27.42,24.12,0.41,0.08,-0.01,16.07,142,0,6,Truck,54.52,2.26,-4.79
144,3307,95.68,27.44,24.13,0.4,0.08,-0.02,16.07,142,0,6,Truck,54.97,2.27,-4.82
144,3308,96.66,27.46,24.13,0.4,0.08,-0.04,16.07,142,0,6,Truck,55.42,2.29,-4.86
144,3309,97.63,27.48,24.13,0.39,0.08,-0.05,16.07,142,0,6,Truck,55.87,2.31,-4.9
144,3310,98.59,27.49,24.14,0.39,0.08,-0.06,16.07,142,0,6,Truck,56.34,2.33,-4.94
144,3311,99.55,27.51,24.14,0.38,0.08,-0.07,16.07,142,0,6,Truck,56.8,2.35,-4.98
144,3312,100.51,27.52,24.14,0.38,0.08,-0.09,16.07,142,0,6,Truck,57.26,2.37,-5.02
144,3313,101.48,27.54,24.15,0.37,0.08,-0.1,16.07,142,0,6,Truck,57.71,2.39,-5.06
144,3314,102.45,27.55,24.15,0.36,0.08,-0.11,16.07,142,0,6,Truck,58.16,2.4,-5.09
144,3315,103.41,27.57,24.15,0.36,0.08,-0.12,16.07,142,0,6,Truck,58.62,2.42,-5.13
144,3316,104.38,27.58,24.15,0.35,0.08,-0.13,16.07,142,0,6,Truck,59.07,2.44,-5.17
144,3317,105.35,27.59,24.16,0.34,0.08,-0.14,16.07,142,0,6,Truck,59.52,2.46,-5.21
144,3318,106.32,27.6,24.16,0.33,0.08,-0.15,16.07,142,0,6,Truck,59.98,2.48,-5.25
144,3319,107.28,27.62,24.16,0.33,0.08,-0.16,16.07,142,0,6,Truck,60.45,2.5,-5.29
144,3320,108.25,27.63,24.17,0.32,0.08,-0.16,16.07,142,0,6,Truck,60.91,2.52,-5.33
144,3321,109.21,27.64,24.17,0.31,0.08,-0.17,16.07,142,0,6,Truck,61.37,2.53,-5.37
144,3322,110.18,27.65,24.17,0.3,0.08,-0.18,16.07,142,0,6,Truck,61.84,2.55,-5.41
144,3323,111.14,27.67,24.18,0.29,0.08,-0.19,16.07,142,0,6,Truck,62.3,2.57,-5.44
144,3324,112.11,27.68,24.18,0.28,0.08,-0.2,16.07,142,0,6,Truck,62.75,2.59,-5.48
144,3325,113.08,27.69,24.18,0.27,0.08,-0.2,16.07,142,0,6,Truck,63.21,2.61,-5.52
144,3326,114.05,27.7,24.19,0.26,0.08,-0.21,16.07,142,154,6,Truck,63.67,2.63,-5.56
144,3327,115.02,27.71,24.19,0.25,0.08,-0.22,16.07,142,154,6,Truck,64.13,2.65,-5.6
144,3328,115.98,27.72,24.19,0.24,0.08,-0.22,16.07,142,154,6,Truck,64.59,2.67,-5.64
144,3329,116.95,27.73,24.2,0.22,0.08,-0.23,16.07,142,154,6,Truck,65.05,2.68,-5.68
144,3330,117.92,27.74,24.2,0.21,0.08,-0.24,16.07,142,154,6,Truck,65.51,2.7,-5.72
144,3331,118.89,27.75,24.2,0.2,0.08,-0.24,16.07,142,154,6,Truck,65.97,2.72,-5.76
144,3332,119.85,27.76,24.21,0.19,0.08,-0.25,16.07,142,154,6,Truck,66.43,2.74,-5.8
144,3333,120.81,27.76,24.21,0.17,0.08,-0.25,16.07,142,154,6,Truck,66.9,2.76,-5.84
144,3334,121.78,27.77,24.21,0.16,0.08,-0.25,16.07,142,154,6,Truck,67.36,2.78,-5.88
144,3335,122.74,27.78,24.22,0.15,0.08,-0.26,16.07,142,154,6,Truck,67.83,2.8,-5.92
144,3336,123.71,27.78,24.22,0.13,0.08,-0.26,16.07,142,154,6,Truck,68.28,2.82,-5.96
144,3337,124.69,27.79,24.22,0.12,0.08,-0.27,16.07,142,154,6,Truck,68.73,2.83,-6.0
144,3338,125.66,27.79,24.23,0.11,0.08,-0.27,16.07,142,154,6,Truck,69.19,2.85,-6.04
144,3339,126.63,27.8,24.23,0.09,0.08,-0.27,16.07,142,154,6,Truck,69.64,2.87,-6.09
144,3340,127.61,27.8,24.23,0.08,0.08,-0.27,16.07,142,154,6,Truck,70.09,2.89,-6.13
144,3341,128.58,27.8,24.24,0.07,0.07,-0.27,16.07,142,154,6,Truck,70.54,2.91,-6.17
144,3342,129.55,27.81,24.24,0.05,0.07,-0.27,16.07,142,154,6,Truck,71.0,2.92,-6.21
144,3343,130.51,27.81,24.24,0.04,0.07,-0.28,16.07,142,154,6,Truck,71.46,2.94,-6.25
144,3344,131.49,27.81,24.25,0.02,0.07,-0.28,16.07,142,154,6,Truck,71.92,2.96,-6.29
144,3345,132.45,27.81,24.25,0.01,0.07,-0.28,16.07,142,154,6,Truck,72.37,2.98,-6.33
144,3346,133.43,27.81,24.25,-0.01,0.07,-0.27,16.07,142,154,6,Truck,72.82,3.0,-6.37
144,3347,134.41,27.81,24.25,-0.02,0.07,-0.27,16.07,142,154,6,Truck,73.27,3.02,-6.41
144,3348,135.39,27.81,24.26,-0.03,0.07,-0.27,16.07,142,154,6,Truck,73.73,3.04,-6.45
144,3349,136.36,27.81,24.26,-0.05,0.07,-0.27,16.07,142,154,6,Truck,74.18,3.05,-6.49
144,3350,137.32,27.8,24.26,-0.06,0.06,-0.27,16.07,142,154,6,Truck,74.64,3.07,-6.54
144,3351,138.3,27.8,24.26,-0.07,0.06,-0.27,16.07,142,154,6,Truck,75.1,3.09,-6.58
144,3352,139.27,27.8,24.27,-0.09,0.06,-0.26,16.07,142,154,6,Truck,75.56,3.11,-6.62
144,3353,140.23,27.79,24.27,-0.1,0.06,-0.26,16.07,142,154,6,Truck,76.02,3.13,-6.66
144,3354,141.19,27.79,24.27,-0.11,0.06,-0.26,16.07,142,154,6,Truck,76.48,3.15,-6.7
144,3355,142.16,27.78,24.27,-0.12,0.06,-0.26,16.07,142,154,6,Truck,76.93,3.17,-6.75
144,3356,143.13,27.78,24.28,-0.14,0.06,-0.25,16.07,147,154,6,Truck,27.41,1.12,-2.16
144,3357,144.09,27.77,24.28,-0.15,0.06,-0.25,16.07,147,154,6,Truck,27.91,1.15,-2.2
144,3358,145.06,27.76,24.28,-0.16,0.06,-0.24,16.07,147,154,6,Truck,28.4,1.17,-2.24
144,3359,146.04,27.76,24.28,-0.17,0.06,-0.24,16.07,147,154,6,Truck,28.9,1.19,-2.27
144,3360,147.02,27.75,24.29,-0.18,0.06,-0.24,16.07,147,154,6,Truck,29.39,1.21,-2.31
144,3361,148.0,27.74,24.29,-0.19,0.06,-0.23,16.07,147,154,6,Truck,29.89,1.23,-2.35
144,3362,148.98,27.73,24.29,-0.2,0.05,-0.23,16.07,147,154,6,Truck,30.39,1.25,-2.39
144,3363,149.95,27.72,24.29,-0.21,0.05,-0.22,16.07,147,154,6,Truck,30.9,1.27,-2.43
144,3364,150.91,27.71,24.29,-0.22,0.05,-0.22,16.07,147,154,6,Truck,31.41,1.29,-2.47
144,3365,151.88,27.71,24.3,-0.23,0.05,-0.21,16.07,147,154,6,Truck,31.93,1.31,-2.51
144,3366,152.85,27.7,24.3,-0.24,0.05,-0.21,16.07,147,154,6,Truck,32.43,1.33,-2.55
144,3367,153.83,27.69,24.3,-0.25,0.05,-0.2,16.07,147,154,6,Truck,32.94,1.35,-2.59
144,3368,154.8,27.67,24.3,-0.26,0.05,-0.2,16.07,147,154,6,Truck,33.44,1.37,-2.63
144,3369,155.78,27.66,24.31,-0.27,0.05,-0.19,16.07,147,154,6,Truck,33.94,1.39,-2.67
144,3370,156.75,27.65,24.31,-0.28,0.05,-0.18,16.07,147,154,6,Truck,34.45,1.41,-2.71
144,3371,157.72,27.64,24.31,-0.29,0.05,-0.18,16.07,147,154,6,Truck,34.96,1.43,-2.75
144,3372,158.7,27.63,24.31,-0.29,0.05,-0.17,16.07,147,154,6,Truck,35.46,1.45,-2.78
144,3373,159.67,27.62,24.31,-0.3,0.05,-0.17,16.07,147,154,6,Truck,35.98,1.48,-2.82
144,3374,160.64,27.61,24.32,-0.31,0.05,-0.16,16.07,147,154,6,Truck,36.49,1.5,-2.86
144,3375,161.6,27.59,24.32,-0.32,0.05,-0.16,16.07,147,154,6,Truck,37.0,1.52,-2.9
144,3376,162.57,27.58,24.32,-0.32,0.05,-0.15,16.07,147,154,6,Truck,37.51,1.54,-2.94
144,3377,163.54,27.57,24.32,-0.33,0.05,-0.14,16.07,147,154,6,Truck,38.02,1.56,-2.98
144,3378,164.52,27.56,24.32,-0.34,0.05,-0.14,16.07,147,154,6,Truck,38.52,1.58,-3.02
144,3379,165.5,27.55,24.33,-0.34,0.05,-0.13,16.07,147,154,6,Truck,39.03,1.6,-3.06
144,3380,166.47,27.53,24.33,-0.35,0.05,-0.12,16.07,147,154,6,Truck,39.54,1.62,-3.1
144,3381,167.44,27.52,24.33,-0.36,0.05,-0.11,16.07,147,154,6,Truck,40.05,1.64,-3.14
144,3382,168.41,27.51,24.33,-0.37,0.05,-0.11,16.07,147,154,6,Truck,40.56,1.66,-3.18
144,3383,169.38,27.49,24.33,-0.37,0.05,-0.1,16.07,147,154,6,Truck,41.07,1.68,-3.21
144,3384,170.35,27.48,24.33,-0.38,0.05,-0.09,16.07,147,154,6,Truck,41.59,1.7,-3.25
144,3385,171.32,27.46,24.34,-0.39,0.05,-0.08,16.07,147,154,6,Truck,42.11,1.73,-3.29
144,3386,172.29,27.45,24.34,-0.39,0.05,-0.07,16.07,147,154,6,Truck,42.62,1.75,-3.33
144,3387,173.27,27.43,24.34,-0.4,0.05,-0.06,16.07,147,154,6,Truck,43.12,1.77,-3.37
144,3388,174.26,27.42,24.34,-0.4,0.05,-0.05,16.07,147,154,6,Truck,43.62,1.79,-3.41
144,3389,175.24,27.4,24.34,-0.41,0.05,-0.04,16.07,147,154,6,Truck,44.13,1.81,-3.45
144,3390,176.21,27.38,24.35,-0.41,0.05,-0.03,16.07,147,154,6,Truck,44.64,1.83,-3.49
144,3391,177.18,27.36,24.35,-0.41,0.04,-0.02,16.07,147,154,6,Truck,45.15,1.85,-3.53
144,3392,178.15,27.34,24.35,-0.42,0.04,-0.01,16.07,147,154,6,Truck,45.67,1.87,-3.56
144,3393,179.11,27.32,24.35,-0.42,0.04,-0.0,16.07,147,154,6,Truck,46.19,1.89,-3.6
144,3394,180.09,27.31,24.35,-0.42,0.04,0.01,16.07,147,154,6,Truck,46.71,1.91,-3.64
144,3395,181.06,27.29,24.35,-0.42,0.04,0.02,16.07,147,154,6,Truck,47.23,1.94,-3.68
144,3396,182.03,27.27,24.36,-0.42,0.04,0.03,16.07,147,154,6,Truck,47.75,1.96,-3.72
144,3397,183.0,27.25,24.36,-0.42,0.04,0.04,16.07,147,154,6,Truck,48.26,1.98,-3.76
144,3398,183.98,27.23,24.36,-0.41,0.04,0.05,16.07,147,154,6,Truck,48.77,2.0,-3.8
144,3399,184.96,27.21,24.36,-0.41,0.04,0.06,16.07,147,154,6,Truck,49.28,2.02,-3.84
144,3400,185.93,27.2,24.36,-0.41,0.04,0.07,16.07,147,154,6,Truck,49.78,2.04,-3.88
144,3401,186.91,27.18,24.37,-0.4,0.04,0.08,16.07,147,154,6,Truck,50.29,2.06,-3.92
144,3402,187.89,27.16,24.37,-0.4,0.04,0.09,16.07,147,154,6,Truck,50.81,2.08,-3.95
144,3403,188.87,27.14,24.37,-0.39,0.04,0.1,16.07,147,154,6,Truck,51.31,2.1,-3.99
144,3404,189.85,27.13,24.37,-0.38,0.04,0.11,16.07,147,154,6,Truck,51.83,2.12,-4.03
144,3405,190.82,27.11,24.37,-0.38,0.03,0.12,16.07,147,154,6,Truck,52.35,2.14,-4.07
144,3406,191.79,27.1,24.37,-0.37,0.03,0.13,16.07,147,154,6,Truck,52.86,2.16,-4.11
144,3407,192.77,27.08,24.37,-0.36,0.03,0.14,16.07,147,154,6,Truck,53.38,2.19,-4.15
144,3408,193.75,27.07,24.37,-0.35,0.03,0.14,16.07,147,154,6,Truck,53.88,2.21,-4.19
144,3409,194.73,27.05,24.38,-0.34,0.03,0.15,16.07,147,154,6,Truck,54.39,2.23,-4.23
144,3410,195.7,27.04,24.38,-0.33,0.03,0.16,16.07,147,154,6,Truck,54.9,2.25,-4.26
144,3411,196.68,27.02,24.38,-0.32,0.03,0.17,16.07,147,154,6,Truck,55.41,2.27,-4.3
144,3412,197.65,27.01,24.38,-0.31,0.03,0.17,16.07,147,154,6,Truck,55.92,2.29,-4.34
144,3413,198.63,27.0,24.38,-0.3,0.03,0.18,16.07,147,154,6,Truck,56.44,2.31,-4.38
144,3414,199.6,26.99,24.38,-0.29,0.03,0.18,16.07,147,154,6,Truck,56.96,2.33,-4.42
144,3415,200.58,26.97,24.38,-0.28,0.03,0.19,16.07,147,154,6,Truck,57.49,2.35,-4.46
144,3416,201.55,26.96,24.38,-0.27,0.03,0.19,16.07,147,154,6,Truck,58.01,2.37,-4.5
144,3417,202.51,26.95,24.38,-0.26,0.03,0.2,16.07,147,154,6,Truck,58.53,2.4,-4.54
144,3418,203.49,26.94,24.39,-0.25,0.02,0.2,16.07,147,154,6,Truck,59.05,2.42,-4.58
144,3419,204.46,26.93,24.39,-0.24,0.02,0.21,16.07,147,154,6,Truck,59.56,2.44,-4.62
144,3420,205.44,26.93,24.39,-0.23,0.02,0.21,16.07,147,154,6,Truck,60.08,2.46,-4.66
144,3421,206.42,26.92,24.39,-0.22,0.02,0.21,16.07,147,154,6,Truck,60.59,2.48,-4.69
144,3422,207.39,26.91,24.39,-0.2,0.02,0.21,16.07,147,154,6,Truck,61.11,2.5,-4.73
144,3423,208.37,26.9,24.39,-0.19,0.02,0.22,16.07,147,154,6,Truck,61.62,2.52,-4.77
144,3424,209.35,26.9,24.39,-0.18,0.02,0.22,16.07,147,154,6,Truck,62.13,2.54,-4.81
144,3425,210.32,26.89,24.39,-0.17,0.02,0.22,16.07,147,154,6,Truck,62.64,2.56,-4.85
144,3426,211.3,26.88,24.39,-0.16,0.02,0.22,16.07,147,154,6,Truck,63.15,2.58,-4.89
144,3427,212.28,26.88,24.39,-0.15,0.02,0.22,16.07,147,154,6,Truck,63.66,2.61,-4.93
144,3428,213.26,26.87,24.39,-0.14,0.02,0.22,16.07,147,154,6,Truck,64.17,2.63,-4.97
144,3429,214.24,26.87,24.4,-0.13,0.02,0.22,16.07,147,154,6,Truck,64.69,2.65,-5.0
144,3430,215.21,26.86,24.4,-0.12,0.02,0.22,16.07,147,154,6,Truck,65.21,2.67,-5.04
144,3431,216.19,26.86,24.4,-0.11,0.02,0.22,16.07,147,154,6,Truck,65.73,2.69,-5.08
144,3432,217.17,26.85,24.4,-0.1,0.02,0.22,16.07,147,154,6,Truck,66.25,2.71,-5.12
144,3433,218.15,26.85,24.4,-0.09,0.02,0.22,16.07,147,154,6,Truck,66.76,2.73,-5.16
144,3434,219.13,26.85,24.4,-0.08,0.02,0.22,16.07,147,154,6,Truck,67.28,2.75,-5.2
144,3435,220.1,26.84,24.4,-0.07,0.02,0.22,16.07,147,154,6,Truck,67.8,2.77,-5.24
144,3436,221.07,26.84,24.4,-0.05,0.02,0.22,16.07,147,154,6,Truck,68.32,2.8,-5.28
144,3437,222.05,26.84,24.4,-0.04,0.02,0.22,16.07,147,154,6,Truck,68.84,2.82,-5.32
144,3438,223.03,26.84,24.4,-0.03,0.02,0.22,16.07,147,154,6,Truck,69.36,2.84,-5.36
144,3439,224.0,26.84,24.4,-0.02,0.02,0.22,16.07,147,154,6,Truck,69.87,2.86,-5.4
144,3440,224.97,26.84,24.4,-0.01,0.02,0.21,16.07,147,154,6,Truck,70.39,2.88,-5.44
144,3441,225.95,26.84,24.4,-0.0,0.02,0.21,16.07,147,154,6,Truck,70.9,2.9,-5.48
144,3442,226.93,26.84,24.4,0.01,0.02,0.21,16.07,147,154,6,Truck,71.42,2.92,-5.52
144,3443,227.9,26.84,24.41,0.02,0.02,0.21,16.07,147,154,6,Truck,71.94,2.94,-5.56
144,3444,228.86,26.84,24.41,0.02,0.02,0.2,16.07,147,154,6,Truck,72.46,2.96,-5.6
144,3445,229.83,26.84,24.41,0.03,0.03,0.2,16.07,147,154,6,Truck,72.99,2.99,-5.64
144,3446,230.81,26.85,24.41,0.04,0.03,0.2,16.07,147,154,6,Truck,73.51,3.01,-5.68
144,3447,231.79,26.85,24.41,0.05,0.03,0.2,16.07,147,154,6,Truck,74.02,3.03,-5.71
144,3448,232.77,26.85,24.41,0.06,0.03,0.19,16.07,147,154,6,Truck,74.53,3.05,-5.75
144,3449,233.76,26.85,24.41,0.07,0.03,0.19,16.07,147,154,6,Truck,75.05,3.07,-5.79
144,3450,234.73,26.86,24.41,0.07,0.03,0.19,16.07,147,154,6,Truck,75.57,3.09,-5.83
144,3451,235.7,26.86,24.41,0.08,0.03,0.19,16.07,147,154,6,Truck,76.08,3.11,-5.87
144,3452,236.67,26.86,24.42,0.09,0.03,0.18,16.07,147,154,6,Truck,76.6,3.13,-5.91
144,3453,237.64,26.87,24.42,0.1,0.03,0.18,16.07,147,154,6,Truck,77.13,3.15,-5.95
144,3454,238.61,26.87,24.42,0.1,0.03,0.18,16.07,147,154,6,Truck,77.65,3.18,-5.99
144,3455,239.59,26.87,24.42,0.11,0.03,0.17,16.07,147,154,6,Truck,78.17,3.2,-6.03
144,3456,240.56,26.88,24.42,0.12,0.03,0.17,16.07,147,154,6,Truck,78.7,3.22,-6.07
144,3457,241.54,26.88,24.42,0.13,0.03,0.17,16.07,147,154,6,Truck,79.21,3.24,-6.11
144,3458,242.53,26.89,24.42,0.14,0.03,0.16,16.07,147,154,6,Truck,79.73,3.26,-6.15
144,3459,243.5,26.89,24.42,0.14,0.04,0.16,16.07,147,154,6,Truck,80.24,3.28,-6.19
144,3460,244.48,26.9,24.43,0.15,0.04,0.16,16.07,147,154,6,Truck,80.75,3.3,-6.23
144,3461,245.47,26.9,24.43,0.16,0.04,0.15,16.07,147,154,6,Truck,81.27,3.32,-6.27
144,3462,246.45,26.91,24.43,0.17,0.04,0.15,16.07,147,154,6,Truck,81.79,3.34,-6.31
144,3463,247.42,26.91,24.43,0.18,0.04,0.15,16.07,147,154,6,Truck,82.31,3.37,-6.35
144,3464,248.39,26.92,24.43,0.18,0.04,0.14,16.07,147,154,6,Truck,82.83,3.39,-6.4
144,3465,249.37,26.92,24.43,0.19,0.04,0.14,16.07,147,154,6,Truck,83.35,3.41,-6.44
144,3466,250.36,26.93,24.43,0.2,0.04,0.13,16.07,147,154,6,Truck,83.86,3.43,-6.48
144,3467,251.34,26.93,24.44,0.21,0.04,0.13,16.07,147,154,6,Truck,84.36,3.45,-6.51
144,3468,252.32,26.94,24.44,0.22,0.04,0.12,16.07,147,154,6,Truck,84.88,3.47,-6.55
144,3469,253.3,26.95,24.44,0.23,0.04,0.11,16.07,147,154,6,Truck,85.39,3.49,-6.59
144,3470,254.27,26.96,24.44,0.24,0.04,0.11,16.07,147,154,6,Truck,85.9,3.51,-6.63
144,3471,255.25,26.97,24.44,0.24,0.04,0.1,16.07,147,154,6,Truck,86.41,3.53,-6.67
144,3472,256.22,26.98,24.44,0.25,0.04,0.09,16.07,147,154,6,Truck,86.92,3.55,-6.71
144,3473,257.2,26.99,24.44,0.26,0.04,0.08,16.07,147,154,6,Truck,87.43,3.57,-6.75
144,3474,258.17,27.0,24.45,0.27,0.04,0.07,16.07,147,154,6,Truck,87.96,3.59,-6.79
144,3475,259.15,27.01,24.45,0.28,0.04,0.06,16.07,147,154,6,Truck,88.48,3.61,-6.83
144,3476,260.13,27.02,24.45,0.28,0.04,0.05,16.07,147,154,6,Truck,89.0,3.64,-6.87
144,3477,261.11,27.03,24.45,0.29,0.04,0.04,16.07,147,154,6,Truck,89.52,3.66,-6.92
144,3478,262.08,27.05,24.45,0.29,0.04,0.03,16.07,147,154,6,Truck,90.05,3.68,-6.96
144,3479,263.06,27.06,24.45,0.3,0.04,0.02,16.07,147,154,6,Truck,90.57,3.7,-7.0
144,3480,264.04,27.07,24.45,0.3,0.04,0.01,16.07,147,154,6,Truck,91.1,3.72,-7.04
144,3481,265.02,27.09,24.46,0.3,0.04,-0.01,16.07,147,154,6,Truck,91.62,3.74,-7.08
144,3482,266.0,27.1,24.46,0.3,0.04,-0.02,16.07,147,154,6,Truck,92.13,3.76,-7.12
144,3483,266.99,27.12,24.46,0.3,0.04,-0.03,16.07,147,154,6,Truck,92.64,3.78,-7.16
144,3484,267.96,27.13,24.46,0.3,0.04,-0.04,16.07,147,154,6,Truck,93.15,3.8,-7.2
144,3485,268.93,27.15,24.46,0.3,0.04,-0.06,16.07,147,154,6,Truck,93.67,3.82,-7.24
144,3486,269.91,27.16,24.46,0.3,0.04,-0.07,16.07,147,154,6,Truck,94.18,3.85,-7.28
144,3487,270.88,27.17,24.47,0.3,0.04,-0.08,16.07,147,154,6,Truck,94.7,3.87,-7.32
144,3488,271.86,27.19,24.47,0.29,0.04,-0.09,16.07,147,154,6,Truck,95.21,3.89,-7.36
144,3489,272.84,27.2,24.47,0.29,0.04,-0.11,16.07,147,154,6,Truck,95.73,3.91,-7.4
144,3490,273.83,27.21,24.47,0.28,0.04,-0.12,16.07,147,154,6,Truck,96.24,3.93,-7.44
144,3491,274.81,27.23,24.47,0.28,0.04,-0.13,16.07,147,154,6,Truck,96.76,3.95,-7.48
144,3492,275.79,27.24,24.47,0.27,0.04,-0.14,16.07,147,154,6,Truck,97.29,3.97,-7.53
144,3493,276.77,27.25,24.48,0.26,0.04,-0.16,16.07,147,154,6,Truck,97.81,3.99,-7.57
144,3494,277.74,27.26,24.48,0.25,0.04,-0.17,16.07,147,154,6,Truck,98.32,4.01,-7.61
144,3495,278.71,27.27,24.48,0.24,0.04,-0.18,16.07,147,154,6,Truck,98.83,4.03,-7.65
144,3496,279.69,27.29,24.48,0.23,0.04,-0.19,16.07,147,154,6,Truck,99.35,4.05,-7.69
144,3497,280.66,27.3,24.48,0.22,0.04,-0.2,16.07,147,154,6,Truck,99.86,4.07,-7.73
144,3498,281.64,27.31,24.48,0.21,0.04,-0.21,16.07,147,154,6,Truck,100.38,4.1,-7.77
144,3499,282.63,27.32,24.49,0.2,0.04,-0.22,16.07,147,154,6,Truck,100.89,4.12,-7.81
144,3500,283.61,27.33,24.49,0.18,0.04,-0.23,16.07,147,154,6,Truck,101.41,4.14,-7.85
144,3501,284.59,27.33,24.49,0.17,0.04,-0.24,16.07,147,154,6,Truck,101.92,4.16,-7.9
144,3502,285.58,27.34,24.49,0.16,0.04,-0.25,16.07,147,154,6,Truck,102.45,4.18,-7.94
144,3503,286.56,27.35,24.49,0.14,0.04,-0.25,16.07,147,154,6,Truck,102.98,4.2,-7.98
144,3504,287.54,27.36,24.49,0.13,0.04,-0.26,16.07,147,154,6,Truck,103.51,4.22,-8.02
144,3505,288.51,27.36,24.5,0.11,0.04,-0.27,16.07,147,154,6,Truck,104.04,4.24,-8.07
144,3506,289.49,27.37,24.5,0.09,0.04,-0.27,16.07,147,154,6,Truck,104.56,4.26,-8.11
144,3507,290.47,27.37,24.5,0.08,0.04,-0.28,16.07,147,154,6,Truck,105.07,4.28,-8.15
144,3508,291.45,27.37,24.5,0.06,0.04,-0.28,16.07,147,154,6,Truck,105.59,4.31,-8.19
144,3509,292.44,27.38,24.5,0.04,0.04,-0.28,16.07,147,154,6,Truck,106.1,4.33,-8.23
144,3510,293.42,27.38,24.5,0.03,0.04,-0.28,16.07,147,154,6,Truck,106.61,4.35,-8.28
144,3511,294.4,27.38,24.5,0.01,0.04,-0.29,16.07,147,154,6,Truck,107.11,4.37,-8.32
144,3512,295.38,27.38,24.51,-0.01,0.03,-0.29,16.07,147,154,6,Truck,107.62,4.39,-8.36
144,3513,296.37,27.38,24.51,-0.03,0.03,-0.29,16.07,147,154,6,Truck,108.13,4.41,-8.4
144,3514,297.35,27.38,24.51,-0.04,0.03,-0.29,16.07,147,154,6,Truck,108.62,4.43,-8.44
144,3515,298.32,27.37,24.51,-0.06,0.03,-0.29,16.07,147,154,6,Truck,109.14,4.45,-8.48
144,3516,299.3,27.37,24.51,-0.08,0.03,-0.28,16.07,147,154,6,Truck,109.66,4.47,-8.52
144,3517,300.27,27.37,24.51,-0.09,0.03,-0.28,16.07,147,154,6,Truck,110.18,4.49,-8.57
144,3518,301.26,27.36,24.51,-0.11,0.03,-0.28,16.07,147,154,6,Truck,110.69,4.51,-8.61
144,3519,302.24,27.36,24.52,-0.13,0.03,-0.27,16.07,147,154,6,Truck,111.2,4.53,-8.65
144,3520,303.22,27.35,24.52,-0.14,0.03,-0.27,16.07,0,154,6,Truck,0.0,0.0,0.0
144,3521,304.21,27.34,24.52,-0.16,0.03,-0.26,16.07,0,154,6,Truck,0.0,0.0,0.0
144,3522,305.19,27.34,24.52,-0.17,0.03,-0.26,16.07,0,154,6,Truck,0.0,0.0,0.0
144,3523,306.17,27.33,24.52,-0.19,0.03,-0.25,16.07,0,154,6,Truck,0.0,0.0,0.0
144,3524,307.16,27.32,24.52,-0.2,0.03,-0.24,16.07,0,154,6,Truck,0.0,0.0,0.0
144,3525,308.14,27.31,24.52,-0.22,0.03,-0.24,16.07,0,154,6,Truck,0.0,0.0,0.0
144,3526,309.11,27.3,24.52,-0.23,0.03,-0.23,16.07,0,154,6,Truck,0.0,0.0,0.0
144,3527,310.08,27.29,24.52,-0.24,0.03,-0.22,16.07,0,154,6,Truck,0.0,0.0,0.0
144,3528,311.06,27.27,24.53,-0.25,0.03,-0.21,16.07,0,154,6,Truck,0.0,0.0,0.0
144,3529,312.04,27.26,24.53,-0.26,0.03,-0.2,16.07,0,154,6,Truck,0.0,0.0,0.0
144,3530,313.02,27.25,24.53,-0.27,0.03,-0.19,16.07,0,154,6,Truck,0.0,0.0,0.0
144,3531,314.01,27.24,24.53,-0.28,0.03,-0.18,16.07,0,154,6,Truck,0.0,0.0,0.0
144,3532,314.99,27.22,24.53,-0.29,0.03,-0.17,16.07,0,154,6,Truck,0.0,0.0,0.0
144,3533,315.98,27.21,24.53,-0.3,0.02,-0.16,16.07,0,154,6,Truck,0.0,0.0,0.0
144,3534,316.97,27.2,24.53,-0.31,0.02,-0.15,16.07,0,154,6,Truck,0.0,0.0,0.0
144,3535,317.95,27.18,24.53,-0.31,0.02,-0.14,16.07,0,154,6,Truck,0.0,0.0,0.0
144,3536,318.92,27.17,24.53,-0.32,0.02,-0.13,16.07,0,154,6,Truck,0.0,0.0,0.0
144,3537,319.9,27.16,24.54,-0.32,0.02,-0.12,16.07,0,154,6,Truck,0.0,0.0,0.0
144,3538,320.89,27.14,24.54,-0.33,0.02,-0.11,16.07,0,154,6,Truck,0.0,0.0,0.0
144,3539,321.88,27.13,24.54,-0.33,0.02,-0.1,16.07,0,154,6,Truck,0.0,0.0,0.0
144,3540,322.87,27.11,24.54,-0.33,0.02,-0.09,16.07,0,154,6,Truck,0.0,0.0,0.0
144,3541,323.85,27.1,24.54,-0.33,0.02,-0.08,16.07,0,154,6,Truck,0.0,0.0,0.0
144,3542,324.84,27.08,24.54,-0.34,0.02,-0.08,16.07,0,154,6,Truck,0.0,0.0,0.0
144,3543,325.82,27.07,24.54,-0.34,0.02,-0.07,16.07,0,154,6,Truck,0.0,0.0,0.0
144,3544,326.81,27.05,24.54,-0.34,0.02,-0.06,16.07,0,154,6,Truck,0.0,0.0,0.0
144,3545,327.78,27.04,24.54,-0.34,0.02,-0.05,16.07,0,154,6,Truck,0.0,0.0,0.0
144,3546,328.74,27.02,24.54,-0.34,0.02,-0.04,16.07,0,154,6,Truck,0.0,0.0,0.0
144,3547,329.71,27.01,24.54,-0.34,0.03,-0.03,16.07,0,154,6,Truck,0.0,0.0,0.0
144,3548,330.69,27.0,24.54,-0.33,0.03,-0.03,16.07,0,154,6,Truck,0.0,0.0,0.0
144,3549,331.67,26.98,24.55,-0.33,0.03,-0.02,16.07,0,154,6,Truck,0.0,0.0,0.0
144,3550,332.66,26.97,24.55,-0.33,0.03,-0.01,16.07,0,154,6,Truck,0.0,0.0,0.0
144,3551,333.64,26.96,24.55,-0.33,0.03,-0.01,16.07,0,154,6,Truck,0.0,0.0,0.0
144,3552,334.61,26.94,24.55,-0.32,0.03,-0.0,16.07,0,154,6,Truck,0.0,0.0,0.0
144,3553,335.6,26.93,24.55,-0.32,0.03,0.0,16.07,0,154,6,Truck,0.0,0.0,0.0
144,3554,336.59,26.92,24.55,-0.32,0.03,0.01,16.07,0,154,6,Truck,0.0,0.0,0.0
144,3555,337.57,26.9,24.55,-0.32,0.03,0.01,16.07,0,154,6,Truck,0.0,0.0,0.0
144,3556,338.55,26.89,24.55,-0.31,0.03,0.02,16.07,0,154,6,Truck,0.0,0.0,0.0
144,3557,339.53,26.88,24.56,-0.31,0.03,0.02,16.07,0,154,6,Truck,0.0,0.0,0.0
144,3558,340.51,26.87,24.56,-0.31,0.03,0.03,16.07,0,154,6,Truck,0.0,0.0,0.0
144,3559,341.5,26.86,24.56,-0.3,0.03,0.03,16.07,0,154,6,Truck,0.0,0.0,0.0
144,3560,342.48,26.85,24.56,-0.3,0.03,0.03,16.07,0,154,6,Truck,0.0,0.0,0.0
144,3561,343.47,26.84,24.56,-0.3,0.03,0.04,16.07,0,154,6,Truck,0.0,0.0,0.0
144,3562,344.46,26.83,24.56,-0.29,0.03,0.04,16.07,0,154,6,Truck,0.0,0.0,0.0
144,3563,345.43,26.81,24.56,-0.29,0.03,0.04,16.07,0,154,6,Truck,0.0,0.0,0.0
144,3564,346.41,26.8,24.56,-0.29,0.03,0.04,16.07,0,154,6,Truck,0.0,0.0,0.0
144,3565,347.4,26.8,24.57,-0.29,0.04,0.05,16.07,0,154,6,Truck,0.0,0.0,0.0
144,3566,348.38,26.79,24.57,-0.28,0.04,0.05,16.07,0,154,6,Truck,0.0,0.0,0.0
144,3567,349.36,26.78,24.57,-0.28,0.04,0.05,16.07,0,154,6,Truck,0.0,0.0,0.0
144,3568,350.34,26.77,24.57,-0.28,0.04,0.05,16.07,0,154,6,Truck,0.0,0.0,0.0
144,3569,351.32,26.76,24.57,-0.28,0.04,0.06,16.07,0,154,6,Truck,0.0,0.0,0.0
144,3570,352.31,26.75,24.57,-0.28,0.04,0.06,16.07,0,154,6,Truck,0.0,0.0,0.0
144,3571,353.3,26.74,24.57,-0.28,0.04,0.06,16.07,0,154,6,Truck,0.0,0.0,0.0
144,3572,354.29,26.73,24.58,-0.28,0.04,0.07,16.07,0,154,6,Truck,0.0,0.0,0.0
144,3573,355.29,26.72,24.58,-0.27,0.04,0.07,16.07,0,154,6,Truck,0.0,0.0,0.0
144,3574,356.27,26.71,24.58,-0.27,0.04,0.07,16.07,0,154,6,Truck,0.0,0.0,0.0
144,3575,357.26,26.7,24.58,-0.27,0.04,0.08,16.07,0,154,6,Truck,0.0,0.0,0.0
144,3576,358.24,26.69,24.58,-0.27,0.04,0.08,16.07,0,154,6,Truck,0.0,0.0,0.0
144,3577,359.21,26.68,24.58,-0.27,0.05,0.08,16.07,0,154,6,Truck,0.0,0.0,0.0
144,3578,360.18,26.67,24.59,-0.27,0.05,0.09,16.07,0,154,6,Truck,0.0,0.0,0.0
144,3579,361.15,26.66,24.59,-0.27,0.05,0.09,16.07,0,154,6,Truck,0.0,0.0,0.0
144,3580,362.14,26.65,24.59,-0.27,0.05,0.1,16.07,0,154,6,Truck,0.0,0.0,0.0
144,3581,363.12,26.63,24.59,-0.27,0.05,0.1,16.07,0,154,6,Truck,0.0,0.0,0.0
144,3582,364.1,26.62,24.59,-0.27,0.05,0.11,16.07,0,154,6,Truck,0.0,0.0,0.0
144,3583,365.08,26.61,24.6,-0.26,0.06,0.12,16.07,0,154,6,Truck,0.0,0.0,0.0
144,3584,366.06,26.6,24.6,-0.26,0.06,0.12,16.07,0,154,6,Truck,0.0,0.0,0.0
144,3585,367.04,26.59,24.6,-0.26,0.06,0.13,16.07,0,154,6,Truck,0.0,0.0,0.0
144,3586,368.03,26.58,24.6,-0.25,0.06,0.13,16.07,0,154,6,Truck,0.0,0.0,0.0
144,3587,369.02,26.57,24.61,-0.25,0.06,0.14,16.07,0,154,6,Truck,0.0,0.0,0.0
144,3588,370.03,26.55,24.61,-0.24,0.06,0.15,16.07,0,154,6,Truck,0.0,0.0,0.0
144,3589,371.02,26.54,24.61,-0.24,0.06,0.16,16.07,0,154,6,Truck,0.0,0.0,0.0
144,3590,372.01,26.53,24.61,-0.23,0.06,0.16,16.07,0,154,6,Truck,0.0,0.0,0.0
144,3591,373.0,26.52,24.61,-0.23,0.07,0.17,16.07,0,154,6,Truck,0.0,0.0,0.0
144,3592,373.98,26.51,24.62,-0.22,0.07,0.18,16.07,0,154,6,Truck,0.0,0.0,0.0
144,3593,374.97,26.5,24.62,-0.21,0.07,0.18,16.07,0,154,6,Truck,0.0,0.0,0.0
144,3594,375.96,26.49,24.62,-0.2,0.07,0.19,16.07,0,154,6,Truck,0.0,0.0,0.0
144,3595,376.94,26.48,24.63,-0.19,0.07,0.2,16.07,0,154,6,Truck,0.0,0.0,0.0
144,3596,377.92,26.47,24.63,-0.18,0.08,0.2,16.07,0,154,6,Truck,0.0,0.0,0.0
144,3597,378.89,26.46,24.63,-0.17,0.08,0.21,16.07,0,154,6,Truck,0.0,0.0,0.0
144,3598,379.86,26.46,24.63,-0.16,0.08,0.21,16.07,0,154,6,Truck,0.0,0.0,0.0
144,3599,380.83,26.45,24.64,-0.15,0.09,0.22,16.07,0,154,6,Truck,0.0,0.0,0.0
144,3600,381.81,26.44,24.64,-0.14,0.09,0.22,16.07,0,154,6,Truck,0.0,0.0,0.0
144,3601,382.79,26.44,24.64,-0.13,0.09,0.23,16.07,0,154,6,Truck,0.0,0.0,0.0
144,3602,383.79,26.43,24.65,-0.11,0.09,0.23,16.07,0,154,6,Truck,0.0,0.0,0.0
144,3603,384.78,26.43,24.65,-0.1,0.1,0.24,16.07,0,154,6,Truck,0.0,0.0,0.0
144,3604,385.77,26.42,24.66,-0.09,0.1,0.24,16.07,0,154,6,Truck,0.0,0.0,0.0
144,3605,386.76,26.42,24.66,-0.08,0.1,0.24,16.07,0,154,6,Truck,0.0,0.0,0.0
144,3606,387.75,26.42,24.66,-0.06,0.1,0.25,16.07,0,154,6,Truck,0.0,0.0,0.0
144,3607,388.74,26.41,24.67,-0.05,0.11,0.25,16.07,0,154,6,Truck,0.0,0.0,0.0
144,3608,389.72,26.41,24.67,-0.04,0.11,0.25,16.07,0,154,6,Truck,0.0,0.0,0.0
144,3609,390.7,26.41,24.68,-0.03,0.11,0.25,16.07,0,154,6,Truck,0.0,0.0,0.0
144,3610,391.69,26.41,24.68,-0.01,0.11,0.25,16.07,0,154,6,Truck,0.0,0.0,0.0
144,3611,392.69,26.41,24.69,-0.0,0.12,0.26,16.07,0,154,6,Truck,0.0,0.0,0.0
144,3612,393.68,26.42,24.69,0.01,0.12,0.26,16.07,0,154,6,Truck,0.0,0.0,0.0
144,3613,394.66,26.42,24.7,0.02,0.12,0.26,16.07,0,154,6,Truck,0.0,0.0,0.0
144,3614,395.65,26.42,24.7,0.03,0.12,0.26,16.07,0,154,6,Truck,0.0,0.0,0.0
144,3615,396.63,26.42,24.71,0.05,0.13,0.26,16.07,0,154,6,Truck,0.0,0.0,0.0
144,3616,397.61,26.42,24.71,0.06,0.13,0.26,16.07,0,154,6,Truck,0.0,0.0,0.0
144,3617,398.59,26.43,24.72,0.07,0.13,0.26,16.07,0,154,6,Truck,0.0,0.0,0.0
144,3618,399.56,26.43,24.72,0.08,0.13,0.26,16.07,0,154,6,Truck,0.0,0.0,0.0
144,3619,400.54,26.44,24.73,0.09,0.13,0.26,16.07,0,154,6,Truck,0.0,0.0,0.0
144,3620,401.53,26.44,24.73,0.1,0.13,0.26,16.07,0,154,6,Truck,0.0,0.0,0.0
144,3621,402.52,26.45,24.74,0.11,0.14,0.26,16.07,0,154,6,Truck,0.0,0.0,0.0
144,3622,403.52,26.45,24.74,0.12,0.14,0.26,16.07,0,154,6,Truck,0.0,0.0,0.0
144,3623,404.53,26.46,24.75,0.13,0.14,0.26,16.07,0,154,6,Truck,0.0,0.0,0.0
144,3624,405.52,26.46,24.75,0.14,0.14,0.26,16.07,0,154,6,Truck,0.0,0.0,0.0
144,3625,406.51,26.47,24.76,0.15,0.14,0.26,16.07,0,154,6,Truck,0.0,0.0,0.0
144,3626,407.51,26.47,24.76,0.16,0.14,0.26,16.07,0,154,6,Truck,0.0,0.0,0.0
144,3627,408.51,26.48,24.77,0.17,0.14,0.26,16.07,0,154,6,Truck,0.0,0.0,0.0
144,3628,409.5,26.49,24.78,0.18,0.14,0.26,16.07,0,154,6,Truck,0.0,0.0,0.0
154,3326,9.67,26.17,26.22,-0.0,-0.17,-0.0,6.57,144,0,6,Car,88.3,3.36,43.5
154,3327,10.64,26.17,26.21,-0.0,-0.17,-0.0,6.57,144,0,6,Car,88.31,3.37,43.72
154,3328,11.64,26.17,26.2,-0.0,-0.16,-0.0,6.57,144,0,6,Car,88.28,3.37,43.92
154,3329,12.65,26.17,26.2,-0.0,-0.16,-0.0,6.57,144,0,6,Car,88.23,3.36,44.11
154,3330,13.69,26.17,26.19,-0.0,-0.16,-0.0,6.57,144,0,6,Car,88.16,3.36,44.29
154,3331,14.74,26.17,26.18,-0.0,-0.16,-0.0,6.57,144,0,6,Car,88.08,3.36,44.46
154,3332,15.78,26.17,26.18,-0.01,-0.17,-0.0,6.57,144,0,6,Car,88.01,3.36,44.64
154,3333,16.83,26.17,26.17,-0.01,-0.17,-0.0,6.57,144,0,6,Car,87.91,3.36,44.82
154,3334,17.9,26.17,26.16,-0.01,-0.17,-0.0,6.57,144,0,6,Car,87.81,3.35,44.99
154,3335,18.95,26.17,26.16,-0.01,-0.17,-0.0,6.57,144,0,6,Car,87.72,3.35,45.18
154,3336,20.0,26.17,26.15,-0.01,-0.18,-0.0,6.57,144,0,6,Car,87.64,3.35,45.37
154,3337,21.05,26.17,26.14,-0.01,-0.18,-0.0,6.57,144,0,6,Car,87.57,3.35,45.57
154,3338,22.09,26.17,26.14,-0.01,-0.18,-0.0,6.57,144,0,6,Car,87.5,3.34,45.78
154,3339,23.13,26.17,26.13,-0.01,-0.19,-0.0,6.57,144,0,6,Car,87.43,3.34,45.99
154,3340,24.19,26.17,26.12,-0.01,-0.19,-0.0,6.57,144,0,6,Car,87.34,3.34,46.21
154,3341,25.25,26.16,26.11,-0.01,-0.2,-0.0,6.57,144,0,6,Car,87.26,3.34,46.43
154,3342,26.31,26.16,26.11,-0.02,-0.21,-0.0,6.57,144,0,6,Car,87.17,3.34,46.65
154,3343,27.36,26.16,26.1,-0.02,-0.21,-0.0,6.57,144,0,6,Car,87.08,3.33,46.88
154,3344,28.42,26.16,26.09,-0.02,-0.22,-0.0,6.57,144,0,6,Car,87.0,3.33,47.13
154,3345,29.46,26.16,26.08,-0.02,-0.22,0.0,6.57,144,0,6,Car,86.93,3.33,47.38
154,3346,30.5,26.16,26.07,-0.02,-0.23,0.0,6.57,144,0,6,Car,86.86,3.33,47.65
154,3347,31.56,26.16,26.06,-0.02,-0.23,0.0,6.57,144,0,6,Car,86.79,3.33,47.92
154,3348,32.62,26.16,26.05,-0.02,-0.24,0.0,6.57,144,0,6,Car,86.71,3.32,48.19
154,3349,33.67,26.16,26.04,-0.02,-0.24,0.01,6.57,144,0,6,Car,86.62,3.32,48.48
154,3350,34.7,26.16,26.03,-0.02,-0.25,0.01,6.57,144,0,6,Car,86.55,3.32,48.78
154,3351,35.74,26.16,26.02,-0.03,-0.25,0.01,6.57,144,0,6,Car,86.49,3.32,49.09
154,3352,36.77,26.16,26.01,-0.03,-0.26,0.01,6.57,144,0,6,Car,86.42,3.32,49.41
154,3353,37.8,26.16,26.0,-0.03,-0.26,0.01,6.57,144,0,6,Car,86.35,3.32,49.73
154,3354,38.85,26.15,25.99,-0.03,-0.27,0.02,6.57,144,0,6,Car,86.27,3.32,50.06
154,3355,39.9,26.15,25.98,-0.03,-0.27,0.02,6.57,144,0,6,Car,86.2,3.31,50.41
154,3356,40.94,26.15,25.97,-0.03,-0.28,0.02,6.57,144,0,6,Car,86.12,3.31,50.76
154,3357,41.98,26.15,25.96,-0.03,-0.28,0.02,6.57,144,0,6,Car,86.05,3.31,51.12
154,3358,43.01,26.15,25.95,-0.03,-0.28,0.03,6.57,144,0,6,Car,85.99,3.31,51.51
154,3359,44.05,26.15,25.94,-0.03,-0.29,0.03,6.57,144,0,6,Car,85.92,3.31,51.89
154,3360,45.09,26.15,25.93,-0.03,-0.29,0.03,6.57,144,0,6,Car,85.86,3.31,52.3
154,3361,46.14,26.14,25.91,-0.03,-0.29,0.04,6.57,144,0,6,Car,85.8,3.31,52.71
154,3362,47.18,26.14,25.9,-0.03,-0.3,0.04,6.57,144,0,6,Car,85.73,3.31,53.12
154,3363,48.22,26.14,25.89,-0.02,-0.3,0.04,6.57,144,0,6,Car,85.66,3.3,53.55
154,3364,49.25,26.14,25.88,-0.02,-0.3,0.05,6.57,144,0,6,Car,85.59,3.3,53.99
154,3365,50.28,26.14,25.87,-0.02,-0.3,0.05,6.57,144,0,6,Car,85.53,3.3,54.44
154,3366,51.32,26.14,25.85,-0.02,-0.31,0.05,6.57,144,0,6,Car,85.46,3.3,54.9
154,3367,52.36,26.13,25.84,-0.02,-0.31,0.06,6.57,144,0,6,Car,85.4,3.3,55.38
154,3368,53.4,26.13,25.83,-0.01,-0.31,0.06,6.57,144,0,6,Car,85.33,3.3,55.86
154,3369,54.43,26.13,25.82,-0.01,-0.31,0.06,6.57,144,0,6,Car,85.27,3.3,56.36
154,3370,55.46,26.13,25.8,-0.01,-0.31,0.06,6.57,144,0,6,Car,85.22,3.3,56.87
154,3371,56.5,26.13,25.79,-0.0,-0.31,0.07,6.57,144,0,6,Car,85.16,3.3,57.38
154,3372,57.53,26.13,25.78,0.0,-0.31,0.07,6.57,144,0,6,Car,85.1,3.3,57.91
154,3373,58.56,26.13,25.77,0.01,-0.31,0.07,6.57,144,0,6,Car,85.04,3.3,58.44
154,3374,59.59,26.13,25.75,0.01,-0.31,0.08,6.57,144,0,6,Car,84.98,3.3,58.99
154,3375,60.62,26.13,25.74,0.01,-0.31,0.08,6.57,144,0,6,Car,84.91,3.29,59.54
154,3376,61.65,26.13,25.73,0.02,-0.3,0.08,6.57,144,0,6,Car,84.85,3.29,60.1
154,3377,62.67,26.13,25.72,0.02,-0.3,0.08,6.57,144,0,6,Car,84.8,3.29,60.68
154,3378,63.71,26.13,25.7,0.03,-0.3,0.08,6.57,144,0,6,Car,84.74,3.29,61.26
154,3379,64.73,26.13,25.69,0.03,-0.3,0.08,6.57,144,0,6,Car,84.7,3.29,61.85
154,3380,65.76,26.13,25.68,0.04,-0.29,0.08,6.57,144,0,6,Car,84.64,3.29,62.45
154,3381,66.78,26.13,25.67,0.04,-0.29,0.09,6.57,144,0,6,Car,84.59,3.29,63.05
154,3382,67.79,26.14,25.66,0.05,-0.28,0.09,6.57,144,0,6,Car,84.55,3.29,63.66
154,3383,68.81,26.14,25.65,0.06,-0.28,0.09,6.57,144,0,6,Car,84.5,3.29,64.27
154,3384,69.83,26.14,25.63,0.06,-0.28,0.09,6.57,144,0,6,Car,84.45,3.29,64.89
154,3385,70.84,26.14,25.62,0.07,-0.27,0.09,6.57,144,0,6,Car,84.4,3.29,65.51
154,3386,71.87,26.14,25.61,0.07,-0.27,0.09,6.57,144,0,6,Car,84.36,3.29,66.13
154,3387,72.89,26.15,25.6,0.08,-0.26,0.09,6.57,144,0,6,Car,84.31,3.29,66.75
154,3388,73.92,26.15,25.59,0.08,-0.26,0.08,6.57,144,0,6,Car,84.27,3.29,67.38
154,3389,74.95,26.15,25.58,0.09,-0.25,0.08,6.57,144,0,6,Car,84.22,3.29,68.0
154,3390,75.97,26.16,25.57,0.09,-0.25,0.08,6.57,144,0,6,Car,84.17,3.29,68.62
154,3391,76.99,26.16,25.56,0.1,-0.24,0.08,6.57,144,0,6,Car,84.12,3.29,69.25
154,3392,78.01,26.16,25.55,0.1,-0.24,0.08,6.57,144,0,6,Car,84.07,3.29,69.88
154,3393,79.02,26.17,25.54,0.11,-0.23,0.08,6.57,144,0,6,Car,84.03,3.29,70.5
154,3394,80.04,26.17,25.53,0.12,-0.23,0.07,6.57,144,0,6,Car,83.98,3.29,71.13
154,3395,81.05,26.18,25.52,0.12,-0.22,0.07,6.57,144,158,6,Car,83.93,3.28,71.75
154,3396,82.08,26.18,25.51,0.12,-0.22,0.07,6.57,144,158,6,Car,83.88,3.28,72.37
154,3397,83.11,26.19,25.51,0.13,-0.21,0.06,6.57,144,158,6,Car,83.82,3.28,72.99
154,3398,84.14,26.19,25.5,0.13,-0.21,0.06,6.57,144,158,6,Car,83.78,3.28,73.61
154,3399,85.16,26.2,25.49,0.14,-0.21,0.06,6.57,144,158,6,Car,83.73,3.28,74.23
154,3400,86.18,26.21,25.48,0.14,-0.2,0.05,6.57,144,158,6,Car,83.68,3.28,74.85
154,3401,87.2,26.21,25.47,0.14,-0.2,0.05,6.57,144,158,6,Car,83.64,3.28,75.46
154,3402,88.22,26.22,25.46,0.15,-0.19,0.05,6.57,144,0,6,Car,83.6,3.28,76.07
154,3403,89.23,26.23,25.46,0.15,-0.19,0.04,6.57,144,0,6,Car,83.57,3.28,76.68
154,3404,90.24,26.23,25.45,0.15,-0.18,0.04,6.57,144,0,6,Car,83.53,3.28,77.28
154,3405,91.25,26.24,25.44,0.15,-0.17,0.03,6.57,144,0,6,Car,83.5,3.28,77.86
154,3406,92.26,26.25,25.44,0.16,-0.17,0.03,6.57,144,0,6,Car,83.46,3.28,78.44
154,3407,93.28,26.26,25.43,0.16,-0.16,0.02,6.57,144,0,6,Car,83.42,3.28,79.0
154,3408,94.29,26.26,25.42,0.16,-0.16,0.02,6.57,144,0,6,Car,83.39,3.28,79.56
154,3409,95.3,26.27,25.42,0.16,-0.16,0.01,6.57,144,0,6,Car,83.36,3.28,80.11
154,3410,96.31,26.28,25.41,0.16,-0.15,0.01,6.57,144,0,6,Car,83.33,3.28,80.64
154,3411,97.31,26.28,25.4,0.16,-0.15,0.01,6.57,144,0,6,Car,83.29,3.27,81.17
154,3412,98.33,26.29,25.4,0.16,-0.14,0.0,6.57,144,0,6,Car,83.26,3.27,81.68
154,3413,99.34,26.3,25.39,0.16,-0.14,-0.0,6.57,144,0,6,Car,83.22,3.27,82.18
154,3414,100.36,26.3,25.39,0.16,-0.14,-0.01,6.57,144,0,6,Car,83.18,3.27,82.67
154,3415,101.37,26.31,25.38,0.16,-0.13,-0.01,6.57,144,0,6,Car,83.14,3.27,83.16
154,3416,102.39,26.32,25.38,0.16,-0.13,-0.02,6.57,144,0,6,Car,83.09,3.27,83.64
154,3417,103.4,26.32,25.37,0.15,-0.13,-0.02,6.57,144,0,6,Car,83.05,3.27,84.12
154,3418,104.42,26.33,25.37,0.15,-0.13,-0.02,6.57,144,0,6,Car,83.0,3.27,84.59
154,3419,105.43,26.34,25.36,0.15,-0.13,-0.03,6.57,144,0,6,Car,82.96,3.27,85.07
154,3420,106.45,26.34,25.36,0.15,-0.13,-0.03,6.57,144,0,6,Car,82.93,3.27,85.56
154,3421,107.45,26.35,25.35,0.15,-0.13,-0.04,6.57,144,0,6,Car,82.89,3.27,86.04
154,3422,108.47,26.35,25.35,0.14,-0.13,-0.04,6.57,144,0,6,Car,82.85,3.26,86.52
154,3423,109.49,26.36,25.34,0.14,-0.13,-0.04,6.57,144,0,6,Car,82.81,3.26,87.0
154,3424,110.51,26.36,25.34,0.14,-0.13,-0.05,6.57,144,0,6,Car,82.77,3.26,87.5
154,3425,111.52,26.37,25.33,0.14,-0.13,-0.05,6.57,144,0,6,Car,82.73,3.26,87.99
154,3426,112.54,26.37,25.33,0.14,-0.13,-0.05,6.57,144,0,6,Car,82.7,3.26,88.5
154,3427,113.55,26.38,25.32,0.13,-0.13,-0.06,6.57,144,0,6,Car,82.66,3.26,89.01
154,3428,114.58,26.39,25.32,0.13,-0.13,-0.06,6.57,144,0,6,Car,82.61,3.26,89.52
154,3429,115.6,26.39,25.31,0.13,-0.13,-0.06,6.57,144,0,6,Car,82.57,3.26,90.06
154,3430,116.61,26.4,25.31,0.12,-0.13,-0.07,6.57,144,0,6,Car,82.54,3.26,90.61
154,3431,117.62,26.4,25.3,0.12,-0.14,-0.07,6.57,144,0,6,Car,82.5,3.26,91.17
154,3432,118.65,26.41,25.3,0.12,-0.14,-0.07,6.57,144,0,6,Car,82.45,3.26,91.74
154,3433,119.66,26.41,25.29,0.11,-0.14,-0.07,6.57,144,0,6,Car,82.42,3.26,92.34
154,3434,120.67,26.42,25.28,0.11,-0.14,-0.08,6.57,144,0,6,Car,82.39,3.25,92.96
154,3435,121.68,26.42,25.28,0.11,-0.15,-0.08,6.57,144,0,6,Car,82.35,3.25,93.59
154,3436,122.7,26.43,25.27,0.1,-0.15,-0.08,6.57,144,0,6,Car,82.31,3.25,94.24
154,3437,123.72,26.43,25.27,0.1,-0.15,-0.08,6.57,144,0,6,Car,82.26,3.25,94.91
154,3438,124.73,26.43,25.26,0.09,-0.15,-0.09,6.57,144,0,6,Car,82.22,3.25,95.6
154,3439,125.75,26.44,25.25,0.09,-0.15,-0.09,6.57,144,0,6,Car,82.18,3.25,96.33
154,3440,126.76,26.44,25.25,0.08,-0.16,-0.09,6.57,144,0,6,Car,82.15,3.25,97.08
154,3441,127.77,26.45,25.24,0.08,-0.16,-0.09,6.57,144,0,6,Car,82.11,3.25,97.86
154,3442,128.78,26.45,25.24,0.07,-0.16,-0.09,6.57,144,0,6,Car,82.07,3.25,98.66
154,3443,129.79,26.45,25.23,0.07,-0.16,-0.09,6.57,144,0,6,Car,82.04,3.25,99.5
154,3444,130.79,26.46,25.22,0.06,-0.16,-0.09,6.57,144,0,6,Car,82.0,3.25,100.36
154,3445,131.8,26.46,25.22,0.06,-0.16,-0.1,6.57,144,0,6,Car,81.96,3.25,101.25
154,3446,132.81,26.46,25.21,0.05,-0.17,-0.1,6.57,144,0,6,Car,81.93,3.25,102.17
154,3447,133.81,26.46,25.2,0.05,-0.17,-0.1,6.57,144,0,6,Car,81.9,3.25,103.13
154,3448,134.83,26.46,25.2,0.04,-0.17,-0.1,6.57,144,0,6,Car,81.88,3.25,104.12
154,3449,135.85,26.46,25.19,0.03,-0.17,-0.1,6.57,144,0,6,Car,81.84,3.25,105.13
154,3450,136.86,26.47,25.18,0.03,-0.17,-0.1,6.57,144,0,6,Car,81.81,3.24,106.17
154,3451,137.86,26.47,25.18,0.02,-0.17,-0.1,6.57,144,0,6,Car,81.77,3.24,107.23
154,3452,138.87,26.47,25.17,0.02,-0.17,-0.1,6.57,144,0,6,Car,81.73,3.24,108.33
154,3453,139.88,26.47,25.16,0.01,-0.17,-0.09,6.57,144,0,6,Car,81.69,3.24,109.47
154,3454,140.89,26.47,25.15,0.01,-0.17,-0.09,6.57,144,0,6,Car,81.66,3.24,110.64
154,3455,141.89,26.47,25.15,0.0,-0.17,-0.09,6.57,144,0,6,Car,81.62,3.24,111.85
154,3456,142.9,26.47,25.14,-0.0,-0.17,-0.09,6.57,144,0,6,Car,81.59,3.24,113.09
154,3457,143.9,26.47,25.13,-0.01,-0.17,-0.09,6.57,144,0,6,Car,81.57,3.24,114.36
154,3458,144.9,26.47,25.13,-0.01,-0.17,-0.09,6.57,144,0,6,Car,81.55,3.24,115.66
154,3459,145.9,26.47,25.12,-0.02,-0.16,-0.08,6.57,144,0,6,Car,81.53,3.24,116.98
154,3460,146.91,26.47,25.11,-0.02,-0.16,-0.08,6.57,144,0,6,Car,81.51,3.24,118.32
154,3461,147.91,26.46,25.11,-0.03,-0.16,-0.08,6.57,144,0,6,Car,81.49,3.24,119.67
154,3462,148.91,26.46,25.1,-0.03,-0.16,-0.08,6.57,144,0,6,Car,81.47,3.24,121.05
154,3463,149.91,26.46,25.09,-0.04,-0.16,-0.08,6.57,144,0,6,Car,81.45,3.24,122.44
154,3464,150.91,26.46,25.09,-0.04,-0.16,-0.07,6.57,144,0,6,Car,81.42,3.24,123.83
154,3465,151.91,26.46,25.08,-0.04,-0.15,-0.07,6.57,144,0,6,Car,81.39,3.24,125.25
154,3466,152.92,26.45,25.08,-0.05,-0.15,-0.07,6.57,144,0,6,Car,81.36,3.24,126.7
154,3467,153.92,26.45,25.07,-0.05,-0.15,-0.06,6.57,144,0,6,Car,81.34,3.24,128.17
154,3468,154.93,26.45,25.06,-0.05,-0.15,-0.06,6.57,144,0,6,Car,81.32,3.24,129.65
154,3469,155.93,26.45,25.06,-0.06,-0.15,-0.06,6.57,144,0,6,Car,81.3,3.24,131.14
154,3470,156.94,26.44,25.05,-0.06,-0.14,-0.05,6.57,144,0,6,Car,81.27,3.24,132.64
154,3471,157.94,26.44,25.05,-0.06,-0.14,-0.05,6.57,144,0,6,Car,81.24,3.24,134.17
154,3472,158.94,26.44,25.04,-0.06,-0.14,-0.05,6.57,144,0,6,Car,81.22,3.24,135.71
154,3473,159.94,26.43,25.04,-0.07,-0.13,-0.04,6.57,144,0,6,Car,81.2,3.24,137.27
154,3474,160.94,26.43,25.03,-0.07,-0.13,-0.04,6.57,144,0,6,Car,81.16,3.24,138.84
154,3475,161.94,26.43,25.02,-0.07,-0.13,-0.04,6.57,144,0,6,Car,81.14,3.24,140.43
154,3476,162.94,26.42,25.02,-0.07,-0.13,-0.03,6.57,144,0,6,Car,81.12,3.24,142.04
154,3477,163.94,26.42,25.01,-0.07,-0.12,-0.03,6.57,144,0,6,Car,81.1,3.24,143.65
154,3478,164.93,26.42,25.01,-0.07,-0.12,-0.03,6.57,144,0,6,Car,81.08,3.24,145.28
154,3479,165.93,26.41,25.0,-0.07,-0.12,-0.03,6.57,144,0,6,Car,81.06,3.24,146.9
154,3480,166.93,26.41,25.0,-0.07,-0.11,-0.02,6.57,144,0,6,Car,81.04,3.24,148.53
154,3481,167.93,26.41,25.0,-0.07,-0.11,-0.02,6.57,144,0,6,Car,81.02,3.24,150.17
154,3482,168.93,26.4,24.99,-0.07,-0.11,-0.02,6.57,144,0,6,Car,81.0,3.24,151.8
154,3483,169.94,26.4,24.99,-0.07,-0.1,-0.01,6.57,144,0,6,Car,80.98,3.24,153.43
154,3484,170.94,26.39,24.98,-0.07,-0.1,-0.01,6.57,144,0,6,Car,80.95,3.24,155.06
154,3485,171.94,26.39,24.98,-0.07,-0.1,-0.01,6.57,144,0,6,Car,80.92,3.24,156.69
154,3486,172.94,26.39,24.97,-0.07,-0.09,-0.01,6.57,144,0,6,Car,80.9,3.24,158.33
154,3487,173.93,26.39,24.97,-0.06,-0.09,-0.01,6.57,144,0,6,Car,80.88,3.23,159.96
154,3488,174.93,26.38,24.97,-0.06,-0.08,-0.01,6.57,144,0,6,Car,80.87,3.23,161.6
154,3489,175.92,26.38,24.96,-0.06,-0.08,-0.0,6.57,144,0,6,Car,80.85,3.23,163.22
154,3490,176.91,26.38,24.96,-0.06,-0.08,-0.0,6.57,144,0,6,Car,80.85,3.24,164.83
154,3491,177.9,26.37,24.96,-0.06,-0.07,-0.0,6.57,144,0,6,Car,80.84,3.24,166.4
154,3492,178.9,26.37,24.95,-0.06,-0.07,-0.0,6.57,144,0,6,Car,80.82,3.23,167.93
154,3493,179.9,26.37,24.95,-0.05,-0.07,-0.0,6.57,144,0,6,Car,80.8,3.23,169.44
154,3494,180.9,26.37,24.95,-0.05,-0.06,-0.0,6.57,144,0,6,Car,80.77,3.23,170.93
154,3495,181.9,26.37,24.95,-0.05,-0.06,-0.0,6.57,144,0,6,Car,80.74,3.23,172.41
154,3496,182.89,26.36,24.94,-0.05,-0.06,-0.0,6.57,144,0,6,Car,80.72,3.23,173.89
154,3497,183.89,26.36,24.94,-0.05,-0.05,-0.01,6.57,144,0,6,Car,80.71,3.23,175.36
154,3498,184.88,26.36,24.94,-0.04,-0.05,-0.01,6.57,144,0,6,Car,80.7,3.23,176.8
154,3499,185.88,26.36,24.94,-0.04,-0.05,-0.01,6.57,144,0,6,Car,80.69,3.23,178.22
154,3500,186.87,26.36,24.94,-0.04,-0.05,-0.01,6.57,144,0,6,Car,80.67,3.23,179.6
154,3501,187.87,26.36,24.93,-0.04,-0.04,-0.01,6.57,144,0,6,Car,80.65,3.23,180.95
154,3502,188.88,26.36,24.93,-0.04,-0.04,-0.01,6.57,144,0,6,Car,80.64,3.23,182.28
154,3503,189.87,26.36,24.93,-0.04,-0.04,-0.02,6.57,144,0,6,Car,80.62,3.23,183.58
154,3504,190.88,26.36,24.93,-0.04,-0.04,-0.02,6.57,144,0,6,Car,80.6,3.23,184.86
154,3505,191.88,26.36,24.93,-0.04,-0.04,-0.02,6.57,144,0,6,Car,80.57,3.23,186.11
154,3506,192.88,26.35,24.93,-0.04,-0.04,-0.02,6.57,144,0,6,Car,80.54,3.23,187.37
154,3507,193.88,26.35,24.93,-0.04,-0.03,-0.03,6.57,144,0,6,Car,80.52,3.23,188.62
154,3508,194.87,26.35,24.92,-0.04,-0.03,-0.03,6.57,144,0,6,Car,80.51,3.23,189.87
154,3509,195.87,26.35,24.92,-0.04,-0.03,-0.03,6.57,144,0,6,Car,80.5,3.23,191.08
154,3510,196.86,26.35,24.92,-0.04,-0.03,-0.03,6.57,144,0,6,Car,80.5,3.23,192.26
154,3511,197.85,26.35,24.92,-0.05,-0.03,-0.04,6.57,144,0,6,Car,80.48,3.23,193.4
154,3512,198.85,26.35,24.92,-0.05,-0.03,-0.04,6.57,144,0,6,Car,80.46,3.22,194.5
154,3513,199.85,26.35,24.92,-0.05,-0.02,-0.04,6.57,144,0,6,Car,80.45,3.22,195.6
154,3514,200.84,26.35,24.92,-0.05,-0.02,-0.04,6.57,144,0,6,Car,80.43,3.22,196.66
154,3515,201.83,26.35,24.92,-0.06,-0.02,-0.04,6.57,144,0,6,Car,80.42,3.22,197.71
154,3516,202.82,26.35,24.92,-0.06,-0.02,-0.05,6.57,144,0,6,Car,80.41,3.22,198.74
154,3517,203.81,26.34,24.91,-0.06,-0.02,-0.05,6.57,144,0,6,Car,80.39,3.22,199.74
154,3518,204.81,26.34,24.91,-0.07,-0.02,-0.05,6.57,144,0,6,Car,80.38,3.22,200.74
154,3519,205.8,26.34,24.91,-0.07,-0.02,-0.05,6.57,144,0,6,Car,80.37,3.22,201.72
154,3520,206.8,26.34,24.91,-0.08,-0.02,-0.05,6.57,144,0,6,Car,80.35,3.22,202.69
154,3521,207.8,26.33,24.91,-0.08,-0.02,-0.05,6.57,144,0,6,Car,80.34,3.22,203.66
154,3522,208.8,26.33,24.91,-0.08,-0.02,-0.05,6.57,144,0,6,Car,80.33,3.22,204.62
154,3523,209.79,26.33,24.91,-0.09,-0.02,-0.05,6.57,144,0,6,Car,80.31,3.22,205.6
154,3524,210.79,26.32,24.91,-0.09,-0.02,-0.05,6.57,144,0,6,Car,80.3,3.22,206.6
154,3525,211.78,26.32,24.91,-0.1,-0.03,-0.05,6.57,144,0,6,Car,80.28,3.22,207.61
154,3526,212.78,26.31,24.91,-0.1,-0.03,-0.05,6.57,144,0,6,Car,80.25,3.22,208.65
154,3527,213.78,26.31,24.91,-0.1,-0.03,-0.05,6.57,144,0,6,Car,80.23,3.22,209.76
154,3528,214.78,26.31,24.91,-0.11,-0.03,-0.05,6.57,144,0,6,Car,80.21,3.22,210.94
154,3529,215.78,26.3,24.9,-0.11,-0.03,-0.05,6.57,144,0,6,Car,80.19,3.22,212.18
154,3530,216.78,26.29,24.9,-0.11,-0.04,-0.04,6.57,144,0,6,Car,80.17,3.22,213.47
154,3531,217.79,26.29,24.9,-0.11,-0.04,-0.04,6.57,144,0,6,Car,80.15,3.21,214.84
154,3532,218.79,26.28,24.9,-0.12,-0.04,-0.04,6.57,144,0,6,Car,80.14,3.21,216.29
154,3533,219.79,26.28,24.9,-0.12,-0.04,-0.04,6.57,144,0,6,Car,80.13,3.21,217.8
154,3534,220.79,26.27,24.9,-0.12,-0.05,-0.04,6.57,144,0,6,Car,80.11,3.21,219.37
154,3535,221.79,26.27,24.9,-0.12,-0.05,-0.04,6.57,144,0,6,Car,80.09,3.21,221.01
154,3536,222.79,26.26,24.89,-0.12,-0.05,-0.03,6.57,144,0,6,Car,80.07,3.21,222.72
154,3537,223.79,26.26,24.89,-0.13,-0.05,-0.03,6.57,144,0,6,Car,80.04,3.21,224.53
154,3538,224.79,26.25,24.89,-0.13,-0.06,-0.03,6.57,144,0,6,Car,80.03,3.21,226.45
154,3539,225.78,26.24,24.89,-0.13,-0.06,-0.03,6.57,144,0,6,Car,80.03,3.21,228.46
154,3540,226.78,26.24,24.88,-0.13,-0.06,-0.03,6.57,144,0,6,Car,80.02,3.21,230.53
154,3541,227.77,26.23,24.88,-0.13,-0.06,-0.03,6.57,144,0,6,Car,80.01,3.21,232.67
154,3542,228.77,26.23,24.88,-0.13,-0.06,-0.02,6.57,144,0,6,Car,80.0,3.21,234.89
154,3543,229.77,26.22,24.88,-0.13,-0.07,-0.02,6.57,144,0,6,Car,79.99,3.21,237.21
154,3544,230.76,26.22,24.87,-0.13,-0.07,-0.02,6.57,144,0,6,Car,79.97,3.21,239.63
154,3545,231.76,26.21,24.87,-0.13,-0.07,-0.02,6.57,144,0,6,Car,79.95,3.21,242.14
154,3546,232.76,26.21,24.87,-0.13,-0.07,-0.02,6.57,144,0,6,Car,79.92,3.21,244.79
154,3547,233.76,26.2,24.87,-0.13,-0.07,-0.02,6.57,144,0,6,Car,79.88,3.21,247.6
154,3548,234.76,26.19,24.86,-0.13,-0.07,-0.02,6.57,144,0,6,Car,79.86,3.21,250.59
154,3549,235.75,26.19,24.86,-0.13,-0.07,-0.02,6.57,144,0,6,Car,79.85,3.21,253.74
154,3550,236.75,26.19,24.86,-0.13,-0.07,-0.02,6.57,144,0,6,Car,79.83,3.21,257.01
154,3551,237.74,26.18,24.85,-0.13,-0.07,-0.02,6.57,144,0,6,Car,79.82,3.21,260.39
154,3552,238.74,26.18,24.85,-0.13,-0.07,-0.02,6.57,144,0,6,Car,79.81,3.21,263.88
154,3553,239.73,26.17,24.85,-0.13,-0.07,-0.02,6.57,144,0,6,Car,79.81,3.21,267.47
154,3554,240.72,26.17,24.85,-0.13,-0.07,-0.02,6.57,144,0,6,Car,79.8,3.21,271.13
154,3555,241.7,26.16,24.84,-0.13,-0.07,-0.01,6.57,144,0,6,Car,79.8,3.21,274.85
154,3556,242.7,26.16,24.84,-0.13,-0.07,-0.01,6.57,144,0,6,Car,79.79,3.21,278.62
154,3557,243.69,26.15,24.84,-0.13,-0.06,-0.01,6.57,144,0,6,Car,79.77,3.21,282.44
154,3558,244.69,26.15,24.83,-0.13,-0.06,-0.01,6.57,144,0,6,Car,79.76,3.21,286.36
154,3559,245.68,26.14,24.83,-0.13,-0.06,-0.01,6.57,144,0,6,Car,79.75,3.21,290.33
154,3560,246.67,26.14,24.83,-0.13,-0.06,-0.01,6.57,144,0,6,Car,79.75,3.21,294.34
154,3561,247.66,26.13,24.83,-0.13,-0.06,-0.01,6.57,144,0,6,Car,79.74,3.21,298.36
154,3562,248.65,26.13,24.82,-0.13,-0.05,-0.01,6.57,144,0,6,Car,79.74,3.21,302.39
154,3563,249.63,26.12,24.82,-0.13,-0.05,-0.01,6.57,144,0,6,Car,79.73,3.21,306.4
154,3564,250.62,26.12,24.82,-0.13,-0.05,-0.01,6.57,144,0,6,Car,79.72,3.21,310.41
154,3565,251.61,26.12,24.82,-0.13,-0.04,-0.01,6.57,144,0,6,Car,79.71,3.21,314.44
154,3566,252.61,26.11,24.82,-0.14,-0.04,-0.01,6.57,144,0,6,Car,79.71,3.21,318.44
154,3567,253.6,26.11,24.82,-0.14,-0.04,-0.01,6.57,144,0,6,Car,79.69,3.21,322.43
154,3568,254.59,26.1,24.81,-0.14,-0.04,-0.01,6.57,144,0,6,Car,79.68,3.21,326.42
154,3569,255.58,26.1,24.81,-0.14,-0.03,-0.01,6.57,144,0,6,Car,79.68,3.21,330.41
154,3570,256.56,26.09,24.81,-0.14,-0.03,-0.01,6.57,144,0,6,Car,79.68,3.21,334.34
154,3571,257.55,26.09,24.81,-0.14,-0.03,-0.01,6.57,144,0,6,Car,79.68,3.21,338.2
154,3572,258.54,26.08,24.81,-0.15,-0.03,-0.01,6.57,144,0,6,Car,79.68,3.21,341.97
154,3573,259.53,26.07,24.81,-0.15,-0.02,-0.01,6.57,144,0,6,Car,79.69,3.21,345.67
154,3574,260.52,26.07,24.81,-0.15,-0.02,-0.01,6.57,144,0,6,Car,79.68,3.21,349.3
154,3575,261.52,26.06,24.81,-0.15,-0.02,-0.01,6.57,144,0,6,Car,79.67,3.21,352.92
154,3576,262.5,26.06,24.81,-0.15,-0.02,-0.0,6.57,144,0,6,Car,79.66,3.21,356.55
154,3577,263.5,26.05,24.8,-0.15,-0.02,-0.0,6.57,144,0,6,Car,79.64,3.21,360.23
154,3578,264.49,26.04,24.8,-0.16,-0.01,-0.0,6.57,144,0,6,Car,79.62,3.21,364.03
154,3579,265.49,26.04,24.8,-0.16,-0.01,0.0,6.57,144,0,6,Car,79.59,3.2,367.98
154,3580,266.49,26.03,24.8,-0.16,-0.01,0.0,6.57,144,0,6,Car,79.58,3.2,372.1
154,3581,267.48,26.03,24.8,-0.16,-0.01,0.01,6.57,144,0,6,Car,79.57,3.2,376.34
154,3582,268.48,26.02,24.8,-0.16,-0.01,0.01,6.57,144,0,6,Car,79.56,3.2,380.72
154,3583,269.46,26.01,24.8,-0.16,-0.01,0.01,6.57,144,0,6,Car,79.55,3.2,385.21
154,3584,270.45,26.0,24.8,-0.16,-0.0,0.02,6.57,144,0,6,Car,79.53,3.2,389.84
154,3585,271.45,26.0,24.8,-0.16,-0.0,0.02,6.57,144,0,6,Car,79.52,3.2,394.6
154,3586,272.44,25.99,24.8,-0.16,-0.0,0.02,6.57,144,0,6,Car,79.52,3.2,399.48
154,3587,273.43,25.98,24.8,-0.16,-0.0,0.03,6.57,144,0,6,Car,79.52,3.2,404.44
154,3588,274.42,25.98,24.8,-0.16,0.0,0.03,6.57,144,0,6,Car,79.53,3.2,409.44
154,3589,275.41,25.97,24.8,-0.16,0.0,0.03,6.57,144,0,6,Car,79.55,3.2,414.44
154,3590,276.39,25.96,24.8,-0.16,0.0,0.04,6.57,144,0,6,Car,79.55,3.2,419.47
154,3591,277.38,25.96,24.8,-0.16,0.0,0.04,6.57,144,0,6,Car,79.55,3.2,424.6
154,3592,278.37,25.95,24.8,-0.16,0.0,0.04,6.57,144,0,6,Car,79.55,3.2,429.89
154,3593,279.36,25.94,24.8,-0.16,0.0,0.05,6.57,144,0,6,Car,79.55,3.2,435.39
154,3594,280.35,25.94,24.8,-0.15,0.0,0.05,6.57,144,0,6,Car,79.54,3.2,441.14
154,3595,281.34,25.93,24.8,-0.15,0.0,0.06,6.57,144,0,6,Car,79.53,3.2,447.26
154,3596,282.33,25.92,24.8,-0.15,0.0,0.06,6.57,144,0,6,Car,79.52,3.2,453.87
154,3597,283.32,25.92,24.8,-0.15,0.0,0.06,6.57,144,0,6,Car,79.51,3.2,461.06
154,3598,284.31,25.91,24.8,-0.15,0.0,0.07,6.57,144,0,6,Car,79.49,3.2,468.96
154,3599,285.3,25.91,24.8,-0.14,0.0,0.07,6.57,144,0,6,Car,79.46,3.2,477.72
154,3600,286.3,25.9,24.8,-0.14,-0.0,0.08,6.57,144,0,6,Car,79.44,3.2,487.49
154,3601,287.3,25.89,24.8,-0.14,-0.0,0.08,6.57,144,0,6,Car,79.42,3.2,498.34
154,3602,288.3,25.89,24.8,-0.13,-0.0,0.08,6.57,144,0,6,Car,79.42,3.2,510.32
154,3603,289.29,25.88,24.8,-0.13,-0.01,0.09,6.57,144,0,6,Car,79.42,3.2,523.48
154,3604,290.28,25.88,24.8,-0.13,-0.01,0.09,6.57,144,0,6,Car,79.42,3.2,537.92
154,3605,291.27,25.87,24.8,-0.12,-0.01,0.09,6.57,144,0,6,Car,79.42,3.2,553.86
154,3606,292.26,25.86,24.8,-0.12,-0.01,0.1,6.57,144,0,6,Car,79.42,3.2,571.5
154,3607,293.26,25.86,24.8,-0.11,-0.02,0.1,6.57,144,0,6,Car,79.41,3.2,591.11
154,3608,294.25,25.85,24.8,-0.11,-0.02,0.1,6.57,144,0,6,Car,79.4,3.2,613.16
154,3609,295.24,25.85,24.8,-0.1,-0.02,0.11,6.57,144,0,6,Car,79.39,3.2,638.08
154,3610,296.24,25.85,24.8,-0.1,-0.03,0.11,6.57,144,0,6,Car,79.38,3.2,666.38
154,3611,297.25,25.84,24.8,-0.09,-0.03,0.11,6.57,144,0,6,Car,79.38,3.2,698.71
154,3612,298.24,25.84,24.8,-0.08,-0.03,0.12,6.57,144,0,6,Car,79.37,3.2,735.93
154,3613,299.23,25.84,24.8,-0.08,-0.04,0.12,6.57,144,0,6,Car,79.36,3.2,779.16
154,3614,300.22,25.83,24.8,-0.07,-0.04,0.12,6.57,144,0,6,Car,79.36,3.2,829.86
154,3615,301.21,25.83,24.79,-0.07,-0.04,0.12,6.57,144,0,6,Car,79.35,3.2,890.0
154,3616,302.21,25.83,24.79,-0.06,-0.05,0.13,6.57,144,0,6,Car,79.33,3.2,962.54
154,3617,303.21,25.82,24.79,-0.05,-0.05,0.13,6.57,144,0,6,Car,79.31,3.2,1051.85
154,3618,304.2,25.82,24.79,-0.05,-0.05,0.13,6.57,144,0,6,Car,79.29,3.19,1164.1
154,3619,305.19,25.82,24.79,-0.04,-0.06,0.13,6.57,144,0,6,Car,79.28,3.19,1308.25
154,3620,306.19,25.82,24.78,-0.03,-0.06,0.13,6.57,144,0,6,Car,79.27,3.19,1499.16
154,3621,307.18,25.82,24.78,-0.03,-0.06,0.13,6.57,144,0,6,Car,79.27,3.19,1762.29
154,3622,308.17,25.82,24.78,-0.02,-0.06,0.13,6.57,144,0,6,Car,79.28,3.2,2145.5
154,3623,309.17,25.82,24.78,-0.01,-0.07,0.13,6.57,144,0,6,Car,79.29,3.2,2753.0
154,3624,310.15,25.82,24.77,-0.0,-0.07,0.13,6.57,144,0,6,Car,79.3,3.2,3859.64
154,3625,311.14,25.82,24.77,0.0,-0.07,0.14,6.57,144,0,6,Car,79.3,3.2,6511.22
154,3626,312.13,25.82,24.77,0.01,-0.08,0.14,6.57,144,0,6,Car,79.31,3.2,21316.55
154,3627,313.12,25.82,24.77,0.02,-0.08,0.14,6.57,144,0,6,Car,79.32,3.2,-16403.18
154,3628,314.12,25.82,24.76,0.02,-0.08,0.13,6.57,144,0,6,Car,79.31,3.2,-5866.88
154,3629,315.11,25.82,24.76,0.03,-0.08,0.13,6.57,0,0,6,Car,0.0,0.0,0.0
154,3630,316.11,25.82,24.76,0.04,-0.09,0.13,6.57,0,0,6,Car,0.0,0.0,0.0
154,3631,317.1,25.82,24.75,0.04,-0.09,0.13,6.57,0,0,6,Car,0.0,0.0,0.0
154,3632,318.09,25.83,24.75,0.05,-0.09,0.13,6.57,0,0,6,Car,0.0,0.0,0.0
154,3633,319.08,25.83,24.74,0.05,-0.09,0.13,6.57,0,0,6,Car,0.0,0.0,0.0
154,3634,320.07,25.83,24.74,0.06,-0.09,0.13,6.57,0,0,6,Car,0.0,0.0,0.0
154,3635,321.06,25.83,24.74,0.07,-0.09,0.13,6.57,0,0,6,Car,0.0,0.0,0.0
154,3636,322.05,25.84,24.73,0.07,-0.1,0.13,6.57,0,0,6,Car,0.0,0.0,0.0
154,3637,323.04,25.84,24.73,0.08,-0.1,0.13,6.57,0,0,6,Car,0.0,0.0,0.0
154,3638,324.02,25.84,24.73,0.08,-0.1,0.13,6.57,0,0,6,Car,0.0,0.0,0.0
154,3639,325.01,25.85,24.72,0.09,-0.1,0.12,6.57,0,0,6,Car,0.0,0.0,0.0
154,3640,326.0,25.85,24.72,0.09,-0.1,0.12,6.57,0,0,6,Car,0.0,0.0,0.0
154,3641,326.98,25.85,24.71,0.1,-0.1,0.12,6.57,0,0,6,Car,0.0,0.0,0.0
154,3642,327.97,25.86,24.71,0.11,-0.1,0.12,6.57,0,0,6,Car,0.0,0.0,0.0
154,3643,328.96,25.86,24.71,0.11,-0.1,0.12,6.57,0,0,6,Car,0.0,0.0,0.0
154,3644,329.95,25.87,24.7,0.12,-0.1,0.12,6.57,0,0,6,Car,0.0,0.0,0.0
154,3645,330.94,25.87,24.7,0.12,-0.1,0.11,6.57,0,0,6,Car,0.0,0.0,0.0
154,3646,331.92,25.88,24.69,0.13,-0.1,0.11,6.57,0,0,6,Car,0.0,0.0,0.0
154,3647,332.91,25.88,24.69,0.13,-0.1,0.11,6.57,0,0,6,Car,0.0,0.0,0.0
154,3648,333.9,25.89,24.68,0.14,-0.1,0.11,6.57,0,0,6,Car,0.0,0.0,0.0
154,3649,334.89,25.89,24.68,0.14,-0.1,0.11,6.57,0,0,6,Car,0.0,0.0,0.0
154,3650,335.88,25.9,24.68,0.14,-0.1,0.1,6.57,0,0,6,Car,0.0,0.0,0.0
154,3651,336.88,25.91,24.67,0.15,-0.1,0.1,6.57,0,0,6,Car,0.0,0.0,0.0
154,3652,337.87,25.91,24.67,0.15,-0.1,0.1,6.57,0,0,6,Car,0.0,0.0,0.0
154,3653,338.85,25.92,24.67,0.16,-0.09,0.1,6.57,0,0,6,Car,0.0,0.0,0.0
154,3654,339.84,25.93,24.66,0.16,-0.09,0.1,6.57,0,0,6,Car,0.0,0.0,0.0
154,3655,340.82,25.93,24.66,0.16,-0.09,0.09,6.57,0,0,6,Car,0.0,0.0,0.0
154,3656,341.8,25.94,24.65,0.17,-0.09,0.09,6.57,0,0,6,Car,0.0,0.0,0.0
154,3657,342.78,25.95,24.65,0.17,-0.09,0.09,6.57,0,0,6,Car,0.0,0.0,0.0
154,3658,343.77,25.95,24.65,0.17,-0.09,0.09,6.57,0,0,6,Car,0.0,0.0,0.0
154,3659,344.75,25.96,24.64,0.18,-0.08,0.09,6.57,0,0,6,Car,0.0,0.0,0.0
154,3660,345.72,25.97,24.64,0.18,-0.08,0.08,6.57,0,0,6,Car,0.0,0.0,0.0
154,3661,346.69,25.98,24.64,0.18,-0.08,0.08,6.57,0,0,6,Car,0.0,0.0,0.0
154,3662,347.67,25.98,24.63,0.19,-0.08,0.08,6.57,0,0,6,Car,0.0,0.0,0.0
154,3663,348.66,25.99,24.63,0.19,-0.07,0.08,6.57,0,0,6,Car,0.0,0.0,0.0
154,3664,349.64,26.0,24.63,0.19,-0.07,0.08,6.57,0,0,6,Car,0.0,0.0,0.0
154,3665,350.63,26.01,24.62,0.2,-0.07,0.07,6.57,0,0,6,Car,0.0,0.0,0.0
154,3666,351.63,26.01,24.62,0.2,-0.07,0.07,6.57,0,0,6,Car,0.0,0.0,0.0
154,3667,352.62,26.02,24.62,0.2,-0.07,0.07,6.57,0,0,6,Car,0.0,0.0,0.0
154,3668,353.61,26.03,24.62,0.2,-0.07,0.07,6.57,0,0,6,Car,0.0,0.0,0.0
154,3669,354.59,26.04,24.61,0.21,-0.06,0.07,6.57,0,0,6,Car,0.0,0.0,0.0
154,3670,355.58,26.05,24.61,0.21,-0.06,0.07,6.57,0,0,6,Car,0.0,0.0,0.0
154,3671,356.55,26.05,24.61,0.21,-0.06,0.07,6.57,0,0,6,Car,0.0,0.0,0.0
154,3672,357.53,26.06,24.61,0.21,-0.06,0.06,6.57,0,0,6,Car,0.0,0.0,0.0
154,3673,358.52,26.07,24.6,0.22,-0.06,0.06,6.57,0,0,6,Car,0.0,0.0,0.0
154,3674,359.52,26.08,24.6,0.22,-0.05,0.06,6.57,0,0,6,Car,0.0,0.0,0.0
154,3675,360.51,26.09,24.6,0.22,-0.05,0.06,6.57,0,0,6,Car,0.0,0.0,0.0
154,3676,361.5,26.1,24.6,0.22,-0.05,0.06,6.57,0,0,6,Car,0.0,0.0,0.0
154,3677,362.48,26.1,24.6,0.23,-0.05,0.06,6.57,0,0,6,Car,0.0,0.0,0.0
154,3678,363.46,26.11,24.59,0.23,-0.05,0.05,6.57,0,0,6,Car,0.0,0.0,0.0
154,3679,364.44,26.12,24.59,0.23,-0.04,0.05,6.57,0,0,6,Car,0.0,0.0,0.0
154,3680,365.42,26.13,24.59,0.23,-0.04,0.05,6.57,0,0,6,Car,0.0,0.0,0.0
154,3681,366.39,26.14,24.59,0.24,-0.04,0.05,6.57,0,0,6,Car,0.0,0.0,0.0
154,3682,367.37,26.15,24.59,0.24,-0.04,0.05,6.57,0,0,6,Car,0.0,0.0,0.0
154,3683,368.35,26.16,24.59,0.24,-0.03,0.05,6.57,0,0,6,Car,0.0,0.0,0.0
154,3684,369.32,26.17,24.58,0.24,-0.03,0.04,6.57,0,0,6,Car,0.0,0.0,0.0
154,3685,370.3,26.18,24.58,0.24,-0.03,0.04,6.57,0,0,6,Car,0.0,0.0,0.0
154,3686,371.28,26.19,24.58,0.24,-0.03,0.04,6.57,0,0,6,Car,0.0,0.0,0.0
154,3687,372.26,26.2,24.58,0.24,-0.03,0.04,6.57,0,0,6,Car,0.0,0.0,0.0
154,3688,373.25,26.21,24.58,0.25,-0.02,0.04,6.57,0,0,6,Car,0.0,0.0,0.0
154,3689,374.24,26.22,24.58,0.25,-0.02,0.04,6.57,0,0,6,Car,0.0,0.0,0.0
154,3690,375.23,26.23,24.58,0.25,-0.02,0.04,6.57,0,0,6,Car,0.0,0.0,0.0
154,3691,376.21,26.24,24.58,0.25,-0.02,0.04,6.57,0,0,6,Car,0.0,0.0,0.0
154,3692,377.21,26.25,24.58,0.25,-0.02,0.04,6.57,0,0,6,Car,0.0,0.0,0.0
154,3693,378.19,26.26,24.58,0.25,-0.02,0.03,6.57,0,0,6,Car,0.0,0.0,0.0
154,3694,379.17,26.27,24.57,0.25,-0.02,0.03,6.57,0,0,6,Car,0.0,0.0,0.0
154,3695,380.16,26.28,24.57,0.25,-0.02,0.03,6.57,0,0,6,Car,0.0,0.0,0.0
154,3696,381.14,26.29,24.57,0.25,-0.02,0.03,6.57,0,0,6,Car,0.0,0.0,0.0
154,3697,382.12,26.3,24.57,0.25,-0.02,0.03,6.57,0,0,6,Car,0.0,0.0,0.0
154,3698,383.1,26.31,24.57,0.25,-0.01,0.03,6.57,0,0,6,Car,0.0,0.0,0.0
154,3699,384.08,26.32,24.57,0.25,-0.01,0.03,6.57,0,0,6,Car,0.0,0.0,0.0
154,3700,385.07,26.33,24.57,0.25,-0.01,0.03,6.57,0,0,6,Car,0.0,0.0,0.0
154,3701,386.05,26.34,24.57,0.25,-0.01,0.03,6.57,0,0,6,Car,0.0,0.0,0.0
154,3702,387.03,26.35,24.57,0.25,-0.01,0.03,6.57,0,0,6,Car,0.0,0.0,0.0
154,3703,388.02,26.36,24.57,0.25,-0.01,0.03,6.57,0,0,6,Car,0.0,0.0,0.0
154,3704,389.0,26.37,24.57,0.26,-0.01,0.03,6.57,0,0,6,Car,0.0,0.0,0.0
154,3705,389.99,26.38,24.57,0.26,-0.01,0.03,6.57,0,0,6,Car,0.0,0.0,0.0
154,3706,390.96,26.39,24.57,0.26,-0.01,0.03,6.57,0,0,6,Car,0.0,0.0,0.0
154,3707,391.95,26.4,24.57,0.26,-0.01,0.03,6.57,0,0,6,Car,0.0,0.0,0.0
154,3708,392.93,26.41,24.57,0.26,-0.01,0.03,6.57,0,0,6,Car,0.0,0.0,0.0
154,3709,393.92,26.42,24.57,0.26,-0.01,0.03,6.57,0,0,6,Car,0.0,0.0,0.0
154,3710,394.91,26.43,24.57,0.26,-0.01,0.03,6.57,0,0,6,Car,0.0,0.0,0.0
154,3711,395.91,26.44,24.57,0.26,-0.01,0.03,6.57,0,0,6,Car,0.0,0.0,0.0
154,3712,396.89,26.45,24.57,0.26,-0.01,0.03,6.57,0,0,6,Car,0.0,0.0,0.0
154,3713,397.86,26.46,24.57,0.27,-0.0,0.03,6.57,0,0,6,Car,0.0,0.0,0.0
154,3714,398.83,26.47,24.57,0.27,-0.0,0.04,6.57,0,166,6,Car,0.0,0.0,0.0
154,3715,399.81,26.48,24.57,0.27,-0.0,0.04,6.57,0,166,6,Car,0.0,0.0,0.0
154,3716,400.78,26.5,24.57,0.27,-0.0,0.04,6.57,0,166,6,Car,0.0,0.0,0.0
154,3717,401.76,26.51,24.57,0.27,-0.0,0.04,6.57,0,166,6,Car,0.0,0.0,0.0
154,3718,402.75,26.52,24.57,0.27,0.0,0.04,6.57,0,166,6,Car,0.0,0.0,0.0
154,3719,403.73,26.53,24.57,0.28,0.0,0.04,6.57,0,166,6,Car,0.0,0.0,0.0
154,3720,404.71,26.54,24.57,0.28,0.0,0.04,6.57,0,166,6,Car,0.0,0.0,0.0
154,3721,405.7,26.55,24.57,0.28,0.0,0.04,6.57,0,166,6,Car,0.0,0.0,0.0
154,3722,406.67,26.56,24.57,0.28,0.0,0.04,6.57,0,166,6,Car,0.0,0.0,0.0
154,3723,407.65,26.57,24.57,0.28,0.0,0.04,6.57,0,166,6,Car,0.0,0.0,0.0
154,3724,408.64,26.59,24.57,0.28,0.0,0.04,6.57,0,166,6,Car,0.0,0.0,0.0
154,3725,409.63,26.6,24.57,0.29,0.0,0.04,6.57,0,166,6,Car,0.0,0.0,0.0
154,3726,410.62,26.61,24.57,0.29,0.0,0.04,6.57,0,166,6,Car,0.0,0.0,0.0
